Date,Consumed,Produced
21-05-18 00:00,0.000,-0.517
21-05-18 00:01,0.000,-0.273
21-05-18 00:02,0.000,-0.080
21-05-18 00:03,0.000,-0.249
21-05-18 00:04,0.000,-0.132
21-05-18 00:05,0.000,-0.006
21-05-18 00:06,0.000,-0.022
21-05-18 00:07,0.000,-0.198
21-05-18 00:08,0.000,-0.329
21-05-18 00:09,0.000,-0.422
21-05-18 00:10,0.000,-0.177
21-05-18 00:11,0.000,-0.186
21-05-18 00:12,0.000,-0.150
21-05-18 00:13,0.000,-0.246
21-05-18 00:14,0.000,-0.271
21-05-18 00:15,0.000,-0.303
21-05-18 00:16,0.000,-0.497
21-05-18 00:17,0.000,-0.287
21-05-18 00:18,1.569,-0.075
21-05-18 00:19,3.251,-0.152
21-05-18 00:20,3.248,-0.181
21-05-18 00:21,3.249,-0.054
21-05-18 00:22,3.250,-0.216
21-05-18 00:23,3.254,-0.339
21-05-18 00:24,3.255,-0.260
21-05-18 00:25,3.258,-0.073
21-05-18 00:26,3.259,-0.198
21-05-18 00:27,3.260,-0.198
21-05-18 00:28,3.262,-0.245
21-05-18 00:29,3.252,-0.385
21-05-18 00:30,3.249,-0.252
21-05-18 00:31,3.250,-0.032
21-05-18 00:32,3.257,-0.190
21-05-18 00:33,3.263,-0.132
21-05-18 00:34,3.276,-0.118
21-05-18 00:35,3.275,-0.193
21-05-18 00:36,0.589,-0.010
21-05-18 00:37,0.000,-0.024
21-05-18 00:38,0.000,-0.019
21-05-18 00:39,0.000,-0.031
21-05-18 00:40,0.000,-0.078
21-05-18 00:41,0.000,-0.127
21-05-18 00:42,0.000,-0.092
21-05-18 00:43,0.000,-0.080
21-05-18 00:44,0.000,-0.011
21-05-18 00:45,0.000,-0.198
21-05-18 00:46,0.000,-0.188
21-05-18 00:47,0.000,-0.062
21-05-18 00:48,0.000,-0.024
21-05-18 00:49,0.000,-0.021
21-05-18 00:50,0.000,-0.004
21-05-18 00:51,0.000,-0.138
21-05-18 00:52,0.000,-0.179
21-05-18 00:53,0.000,-0.032
21-05-18 00:54,0.000,-0.024
21-05-18 00:55,0.000,-0.086
21-05-18 00:56,0.000,-0.178
21-05-18 00:57,0.000,-0.188
21-05-18 00:58,0.000,-0.275
21-05-18 00:59,0.000,-0.116
21-05-18 01:00,0.000,-0.130
21-05-18 01:01,0.000,-0.071
21-05-18 01:02,0.000,-0.189
21-05-18 01:03,0.000,-0.360
21-05-18 01:04,0.000,-0.355
21-05-18 01:05,0.000,-0.362
21-05-18 01:06,0.000,-0.023
21-05-18 01:07,0.000,-0.180
21-05-18 01:08,0.000,-0.273
21-05-18 01:09,0.000,-0.033
21-05-18 01:10,0.000,-0.166
21-05-18 01:11,0.000,-0.254
21-05-18 01:12,0.000,-0.444
21-05-18 01:13,0.000,-0.504
21-05-18 01:14,0.000,-0.661
21-05-18 01:15,0.000,-0.858
21-05-18 01:16,0.000,-0.714
21-05-18 01:17,0.000,-0.281
21-05-18 01:18,0.000,-0.212
21-05-18 01:19,0.000,-0.206
21-05-18 01:20,0.000,-0.032
21-05-18 01:21,0.000,-0.168
21-05-18 01:22,0.000,-0.316
21-05-18 01:23,0.000,-0.508
21-05-18 01:24,0.000,-0.381
21-05-18 01:25,0.000,-0.362
21-05-18 01:26,0.000,-0.353
21-05-18 01:27,0.000,-0.051
21-05-18 01:28,0.000,-0.237
21-05-18 01:29,0.000,-0.096
21-05-18 01:30,0.000,-0.283
21-05-18 01:31,0.000,-0.345
21-05-18 01:32,0.000,-0.470
21-05-18 01:33,0.000,-0.621
21-05-18 01:34,0.000,-0.818
21-05-18 01:35,0.000,-0.934
21-05-18 01:36,0.000,-0.748
21-05-18 01:37,0.000,-0.750
21-05-18 01:38,0.000,-0.868
21-05-18 01:39,0.000,-0.885
21-05-18 01:40,3.374,-0.705
21-05-18 01:41,3.465,-0.286
21-05-18 01:42,3.468,-0.213
21-05-18 01:43,3.476,-0.174
21-05-18 01:44,3.479,-0.129
21-05-18 01:45,3.481,-0.129
21-05-18 01:46,3.480,-0.030
21-05-18 01:47,3.474,-0.200
21-05-18 01:48,3.478,-0.188
21-05-18 01:49,3.481,-0.325
21-05-18 01:50,3.479,-0.420
21-05-18 01:51,3.480,-0.549
21-05-18 01:52,3.478,-0.454
21-05-18 01:53,3.478,-0.227
21-05-18 01:54,3.479,-0.226
21-05-18 01:55,1.450,-0.215
21-05-18 01:56,0.000,-0.188
21-05-18 01:57,0.000,-0.192
21-05-18 01:58,0.000,-0.154
21-05-18 01:59,0.000,-0.114
21-05-18 02:00,0.000,-0.113
21-05-18 02:01,0.000,-0.124
21-05-18 02:02,0.000,-0.194
21-05-18 02:03,0.000,-0.370
21-05-18 02:04,0.000,-0.171
21-05-18 02:05,0.000,-0.060
21-05-18 02:06,0.000,-0.195
21-05-18 02:07,0.000,-0.036
21-05-18 02:08,0.000,-0.179
21-05-18 02:09,0.000,-0.011
21-05-18 02:10,0.000,-0.055
21-05-18 02:11,0.000,-0.246
21-05-18 02:12,0.000,-0.350
21-05-18 02:13,0.000,-0.423
21-05-18 02:14,0.000,-0.045
21-05-18 02:15,0.000,-0.200
21-05-18 02:16,0.000,-0.347
21-05-18 02:17,0.000,-0.146
21-05-18 02:18,0.000,-0.128
21-05-18 02:19,0.000,-0.317
21-05-18 02:20,0.000,-0.188
21-05-18 02:21,0.699,-0.048
21-05-18 02:22,2.185,-0.134
21-05-18 02:23,2.184,-0.126
21-05-18 02:24,2.184,-0.187
21-05-18 02:25,2.184,-0.326
21-05-18 02:26,2.187,-0.219
21-05-18 02:27,2.191,-0.291
21-05-18 02:28,2.191,-0.377
21-05-18 02:29,2.192,-0.119
21-05-18 02:30,2.193,-0.210
21-05-18 02:31,0.477,-0.374
21-05-18 02:32,0.000,-0.486
21-05-18 02:33,0.000,-0.247
21-05-18 02:34,0.000,-0.245
21-05-18 02:35,0.000,-0.322
21-05-18 02:36,0.000,-0.467
21-05-18 02:37,0.000,-0.426
21-05-18 02:38,0.000,-0.345
21-05-18 02:39,0.000,-0.520
21-05-18 02:40,0.000,-0.124
21-05-18 02:41,0.000,-0.228
21-05-18 02:42,0.000,-0.400
21-05-18 02:43,0.000,-0.219
21-05-18 02:44,0.000,-0.378
21-05-18 02:45,0.000,-0.406
21-05-18 02:46,0.000,-0.029
21-05-18 02:47,0.000,-0.138
21-05-18 02:48,0.000,-0.284
21-05-18 02:49,0.000,-0.378
21-05-18 02:50,0.000,-0.260
21-05-18 02:51,0.000,-0.442
21-05-18 02:52,0.000,-0.086
21-05-18 02:53,0.000,-0.127
21-05-18 02:54,0.000,-0.154
21-05-18 02:55,0.000,-0.256
21-05-18 02:56,0.000,-0.368
21-05-18 02:57,2.878,-0.408
21-05-18 02:58,3.489,-0.008
21-05-18 02:59,3.490,-0.122
21-05-18 03:00,3.491,-0.312
21-05-18 03:01,3.489,-0.432
21-05-18 03:02,3.479,-0.446
21-05-18 03:03,3.480,-0.208
21-05-18 03:04,3.483,-0.297
21-05-18 03:05,3.482,-0.449
21-05-18 03:06,3.483,-0.459
21-05-18 03:07,3.476,-0.571
21-05-18 03:08,3.474,-0.295
21-05-18 03:09,3.474,-0.066
21-05-18 03:10,3.479,-0.226
21-05-18 03:11,3.478,-0.075
21-05-18 03:12,1.225,-0.141
21-05-18 03:13,0.000,-0.265
21-05-18 03:14,0.000,-0.192
21-05-18 03:15,0.000,-0.203
21-05-18 03:16,0.000,-0.013
21-05-18 03:17,0.000,-0.018
21-05-18 03:18,0.000,-0.065
21-05-18 03:19,0.000,-0.021
21-05-18 03:20,0.000,-0.138
21-05-18 03:21,0.000,-0.177
21-05-18 03:22,0.000,-0.150
21-05-18 03:23,0.000,-0.260
21-05-18 03:24,0.000,-0.018
21-05-18 03:25,0.000,-0.143
21-05-18 03:26,0.000,-0.137
21-05-18 03:27,0.000,-0.090
21-05-18 03:28,0.000,-0.214
21-05-18 03:29,0.000,-0.093
21-05-18 03:30,0.000,-0.125
21-05-18 03:31,0.000,-0.256
21-05-18 03:32,0.000,-0.093
21-05-18 03:33,0.000,-0.271
21-05-18 03:34,0.000,-0.425
21-05-18 03:35,0.000,-0.013
21-05-18 03:36,0.000,-0.018
21-05-18 03:37,0.000,-0.083
21-05-18 03:38,0.000,-0.223
21-05-18 03:39,0.000,-0.364
21-05-18 03:40,0.000,-0.248
21-05-18 03:41,0.000,-0.038
21-05-18 03:42,0.000,-0.236
21-05-18 03:43,0.000,-0.094
21-05-18 03:44,0.000,-0.230
21-05-18 03:45,0.000,-0.171
21-05-18 03:46,0.000,-0.274
21-05-18 03:47,0.000,-0.424
21-05-18 03:48,0.000,-0.543
21-05-18 03:49,0.000,-0.168
21-05-18 03:50,0.000,-0.347
21-05-18 03:51,0.000,-0.248
21-05-18 03:52,0.000,-0.049
21-05-18 03:53,0.000,-0.026
21-05-18 03:54,0.000,-0.179
21-05-18 03:55,0.000,-0.009
21-05-18 03:56,0.000,-0.205
21-05-18 03:57,0.000,-0.233
21-05-18 03:58,0.000,-0.253
21-05-18 03:59,0.000,-0.205
21-05-18 04:00,0.000,-0.323
21-05-18 04:01,0.000,-0.293
21-05-18 04:02,0.000,-0.443
21-05-18 04:03,0.000,-0.195
21-05-18 04:04,0.000,-0.152
21-05-18 04:05,0.000,-0.076
21-05-18 04:06,0.000,-0.033
21-05-18 04:07,0.000,-0.111
21-05-18 04:08,0.000,-0.010
21-05-18 04:09,0.000,-0.150
21-05-18 04:10,0.000,-0.341
21-05-18 04:11,0.000,-0.425
21-05-18 04:12,0.000,-0.048
21-05-18 04:13,0.000,-0.139
21-05-18 04:14,0.000,-0.128
21-05-18 04:15,1.781,-0.007
21-05-18 04:16,3.489,-0.017
21-05-18 04:17,3.491,-0.044
21-05-18 04:18,3.494,-0.204
21-05-18 04:19,3.494,-0.323
21-05-18 04:20,3.495,-0.282
21-05-18 04:21,3.492,-0.198
21-05-18 04:22,3.490,-0.025
21-05-18 04:23,3.492,-0.177
21-05-18 04:24,3.491,-0.195
21-05-18 04:25,3.490,-0.054
21-05-18 04:26,3.490,-0.074
21-05-18 04:27,3.485,-0.202
21-05-18 04:28,3.480,-0.012
21-05-18 04:29,3.480,-0.037
21-05-18 04:30,3.473,-0.022
21-05-18 04:31,1.678,-0.036
21-05-18 04:32,0.000,-0.008
21-05-18 04:33,0.000,-0.161
21-05-18 04:34,0.000,-0.275
21-05-18 04:35,0.000,-0.269
21-05-18 04:36,0.000,-0.228
21-05-18 04:37,0.000,-0.196
21-05-18 04:38,0.000,-0.188
21-05-18 04:39,0.000,-0.330
21-05-18 04:40,0.000,-0.279
21-05-18 04:41,0.000,-0.406
21-05-18 04:42,0.000,-0.152
21-05-18 04:43,0.000,-0.145
21-05-18 04:44,0.000,-0.147
21-05-18 04:45,0.000,-0.235
21-05-18 04:46,0.000,-0.262
21-05-18 04:47,0.000,-0.137
21-05-18 04:48,0.000,-0.244
21-05-18 04:49,0.000,-0.389
21-05-18 04:50,0.000,-0.512
21-05-18 04:51,0.000,-0.269
21-05-18 04:52,0.000,-0.359
21-05-18 04:53,0.000,-0.248
21-05-18 04:54,0.000,-0.254
21-05-18 04:55,0.000,-0.063
21-05-18 04:56,0.000,-0.030
21-05-18 04:57,0.000,-0.154
21-05-18 04:58,0.000,-0.004
21-05-18 04:59,0.000,-0.046
21-05-18 05:00,0.000,-0.002
21-05-18 05:01,0.000,-0.196
21-05-18 05:02,0.000,-0.002
21-05-18 05:03,0.000,-0.050
21-05-18 05:04,0.000,-0.144
21-05-18 05:05,0.000,-0.113
21-05-18 05:06,0.000,-0.019
21-05-18 05:07,0.000,-0.149
21-05-18 05:08,0.000,-0.111
21-05-18 05:09,0.000,-0.276
21-05-18 05:10,0.000,-0.206
21-05-18 05:11,0.000,-0.254
21-05-18 05:12,0.000,-0.070
21-05-18 05:13,0.000,-0.191
21-05-18 05:14,0.000,-0.132
21-05-18 05:15,0.000,-0.250
21-05-18 05:16,0.000,-0.113
21-05-18 05:17,0.000,-0.119
21-05-18 05:18,0.000,-0.097
21-05-18 05:19,0.000,-0.102
21-05-18 05:20,0.000,-0.066
21-05-18 05:21,0.000,-0.087
21-05-18 05:22,0.000,-0.123
21-05-18 05:23,0.000,-0.030
21-05-18 05:24,0.000,-0.079
21-05-18 05:25,0.000,-0.060
21-05-18 05:26,0.000,-0.077
21-05-18 05:27,0.000,-0.042
21-05-18 05:28,0.000,-0.014
21-05-18 05:29,0.000,-0.150
21-05-18 05:30,0.000,-0.155
21-05-18 05:31,0.000,-0.114
21-05-18 05:32,0.000,-0.185
21-05-18 05:33,0.000,-0.164
21-05-18 05:34,0.000,-0.131
21-05-18 05:35,0.000,-0.131
21-05-18 05:36,0.000,-0.078
21-05-18 05:37,1.745,-0.170
21-05-18 05:38,3.500,-0.310
21-05-18 05:39,3.494,-0.327
21-05-18 05:40,3.485,-0.078
21-05-18 05:41,3.485,-0.177
21-05-18 05:42,3.494,-0.241
21-05-18 05:43,3.496,-0.125
21-05-18 05:44,3.845,-0.246
21-05-18 05:45,5.598,-0.185
21-05-18 05:46,5.619,-0.378
21-05-18 05:47,5.593,-0.120
21-05-18 05:48,5.590,-0.263
21-05-18 05:49,5.593,-0.145
21-05-18 05:50,5.603,-0.272
21-05-18 05:51,5.593,-0.402
21-05-18 05:52,4.647,-0.517
21-05-18 05:53,2.200,-0.714
21-05-18 05:54,1.451,-0.795
21-05-18 05:55,0.000,-0.328
21-05-18 05:56,0.000,-0.466
21-05-18 05:57,0.000,-0.255
21-05-18 05:58,0.000,-0.417
21-05-18 05:59,0.000,-0.517
21-05-18 06:00,0.000,-0.681
21-05-18 06:01,0.000,-0.212
21-05-18 06:02,0.000,-0.220
21-05-18 06:03,0.000,-0.284
21-05-18 06:04,0.000,-0.383
21-05-18 06:05,0.000,-0.189
21-05-18 06:06,0.000,-0.348
21-05-18 06:07,0.000,-0.301
21-05-18 06:08,0.000,-0.478
21-05-18 06:09,0.000,-0.196
21-05-18 06:10,0.000,-0.049
21-05-18 06:11,0.000,-0.102
21-05-18 06:12,0.000,-0.019
21-05-18 06:13,0.000,-0.201
21-05-18 06:14,0.000,-0.384
21-05-18 06:15,0.000,-0.244
21-05-18 06:16,0.000,-0.325
21-05-18 06:17,0.000,-0.164
21-05-18 06:18,0.000,-0.191
21-05-18 06:19,0.000,-0.109
21-05-18 06:20,0.000,-0.163
21-05-18 06:21,0.000,-0.162
21-05-18 06:22,0.000,-0.016
21-05-18 06:23,0.000,-0.202
21-05-18 06:24,0.000,-0.239
21-05-18 06:25,0.000,-0.385
21-05-18 06:26,0.000,-0.062
21-05-18 06:27,0.000,-0.126
21-05-18 06:28,0.000,-0.156
21-05-18 06:29,0.000,-0.289
21-05-18 06:30,0.000,-0.395
21-05-18 06:31,0.000,-0.123
21-05-18 06:32,0.000,-0.130
21-05-18 06:33,0.000,-0.312
21-05-18 06:34,0.000,-0.059
21-05-18 06:35,0.000,-0.005
21-05-18 06:36,0.000,-0.076
21-05-18 06:37,0.000,-0.100
21-05-18 06:38,0.000,-0.278
21-05-18 06:39,0.000,-0.361
21-05-18 06:40,0.000,-0.502
21-05-18 06:41,0.000,-0.073
21-05-18 06:42,0.000,-0.217
21-05-18 06:43,0.000,-0.180
21-05-18 06:44,0.000,-0.108
21-05-18 06:45,0.000,-0.029
21-05-18 06:46,0.000,-0.043
21-05-18 06:47,0.000,-0.158
21-05-18 06:48,0.000,-0.177
21-05-18 06:49,0.000,-0.066
21-05-18 06:50,0.000,-0.187
21-05-18 06:51,0.000,-0.334
21-05-18 06:52,0.000,-0.107
21-05-18 06:53,0.000,-0.262
21-05-18 06:54,0.000,-0.042
21-05-18 06:55,0.000,-0.153
21-05-18 06:56,1.277,-0.035
21-05-18 06:57,3.481,-0.059
21-05-18 06:58,3.484,-0.257
21-05-18 06:59,3.367,-0.209
21-05-18 07:00,3.306,-0.128
21-05-18 07:01,3.211,-0.063
21-05-18 07:02,3.229,-0.072
21-05-18 07:03,3.226,-0.239
21-05-18 07:04,3.196,-0.129
21-05-18 07:05,3.208,-0.012
21-05-18 07:06,3.203,-0.110
21-05-18 07:07,3.196,-0.167
21-05-18 07:08,3.193,-0.220
21-05-18 07:09,3.191,-0.308
21-05-18 07:10,3.187,-0.478
21-05-18 07:11,3.291,-0.362
21-05-18 07:12,3.438,-0.194
21-05-18 07:13,0.531,-0.305
21-05-18 07:14,0.000,-0.017
21-05-18 07:15,0.000,-0.053
21-05-18 07:16,0.000,-0.236
21-05-18 07:17,0.000,-0.124
21-05-18 07:18,0.000,-0.124
21-05-18 07:19,0.000,-0.256
21-05-18 07:20,0.000,-0.343
21-05-18 07:21,0.000,-0.520
21-05-18 07:22,0.000,-0.461
21-05-18 07:23,0.000,-0.370
21-05-18 07:24,0.000,-0.412
21-05-18 07:25,0.000,-0.515
21-05-18 07:26,0.000,-0.336
21-05-18 07:27,0.000,-0.211
21-05-18 07:28,0.000,-0.021
21-05-18 07:29,0.000,-0.085
21-05-18 07:30,0.000,-0.053
21-05-18 07:31,0.000,-0.112
21-05-18 07:32,0.000,-0.023
21-05-18 07:33,0.000,-0.043
21-05-18 07:34,0.000,-0.191
21-05-18 07:35,1.356,-0.280
21-05-18 07:36,2.152,-0.077
21-05-18 07:37,2.150,-0.142
21-05-18 07:38,2.146,-0.309
21-05-18 07:39,2.140,-0.001
21-05-18 07:40,2.143,-0.144
21-05-18 07:41,2.141,-0.129
21-05-18 07:42,2.140,-0.207
21-05-18 07:43,2.140,-0.320
21-05-18 07:44,2.141,-0.084
21-05-18 07:45,2.145,-0.054
21-05-18 07:46,0.501,-0.225
21-05-18 07:47,0.000,-0.082
21-05-18 07:48,0.000,-0.236
21-05-18 07:49,0.000,-0.150
21-05-18 07:50,0.000,-0.300
21-05-18 07:51,0.000,0.000
21-05-18 07:52,0.000,-0.053
21-05-18 07:53,0.000,-0.105
21-05-18 07:54,0.985,-0.300
21-05-18 07:55,3.439,-0.051
21-05-18 07:56,3.443,-0.163
21-05-18 07:57,3.438,-0.021
21-05-18 07:58,3.438,-0.163
21-05-18 07:59,3.435,-0.352
21-05-18 08:00,3.436,-3.599
21-05-18 08:01,3.441,-2.921
21-05-18 08:02,3.448,-3.792
21-05-18 08:03,3.449,-4.666
21-05-18 08:04,3.445,-3.735
21-05-18 08:05,3.441,-4.350
21-05-18 08:06,3.441,-4.812
21-05-18 08:07,3.444,-5.460
21-05-18 08:08,3.450,-6.041
21-05-18 08:09,3.439,-6.896
21-05-18 08:10,3.446,-6.637
21-05-18 08:11,3.449,-6.290
21-05-18 08:12,0.000,-5.430
21-05-18 08:13,0.000,-4.947
21-05-18 08:14,0.000,-4.210
21-05-18 08:15,0.000,-4.594
21-05-18 08:16,0.000,-4.071
21-05-18 08:17,0.000,-4.195
21-05-18 08:18,0.000,-4.677
21-05-18 08:19,0.000,-4.503
21-05-18 08:20,0.000,-5.133
21-05-18 08:21,0.000,-5.989
21-05-18 08:22,0.000,-6.186
21-05-18 08:23,0.000,-5.648
21-05-18 08:24,0.000,-5.103
21-05-18 08:25,0.000,-6.060
21-05-18 08:26,0.000,-5.815
21-05-18 08:27,0.000,-6.656
21-05-18 08:28,0.000,-6.535
21-05-18 08:29,0.000,-6.453
21-05-18 08:30,0.000,-6.700
21-05-18 08:31,0.000,-6.326
21-05-18 08:32,0.000,-5.894
21-05-18 08:33,0.000,-5.022
21-05-18 08:34,0.000,-4.309
21-05-18 08:35,0.000,-5.286
21-05-18 08:36,0.000,-5.626
21-05-18 08:37,0.000,-6.192
21-05-18 08:38,0.000,-6.855
21-05-18 08:39,0.000,-7.804
21-05-18 08:40,0.000,-6.880
21-05-18 08:41,0.000,-7.735
21-05-18 08:42,0.000,-8.172
21-05-18 08:43,0.000,-8.130
21-05-18 08:44,0.000,-7.628
21-05-18 08:45,0.000,-8.520
21-05-18 08:46,0.000,-8.088
21-05-18 08:47,0.000,-8.526
21-05-18 08:48,0.000,-8.901
21-05-18 08:49,0.000,-8.147
21-05-18 08:50,0.000,-8.877
21-05-18 08:51,0.000,-8.604
21-05-18 08:52,0.000,-8.557
21-05-18 08:53,0.000,-8.795
21-05-18 08:54,0.000,-8.761
21-05-18 08:55,0.000,-8.294
21-05-18 08:56,0.000,-7.382
21-05-18 08:57,0.000,-7.141
21-05-18 08:58,0.000,-6.279
21-05-18 08:59,0.000,-6.609
21-05-18 09:00,0.000,-7.308
21-05-18 09:01,0.000,-6.808
21-05-18 09:02,0.000,-5.941
21-05-18 09:03,0.000,-5.244
21-05-18 09:04,1.375,-4.538
21-05-18 09:05,3.489,-3.638
21-05-18 09:06,3.461,-2.668
21-05-18 09:07,3.468,-3.024
21-05-18 09:08,3.464,-3.936
21-05-18 09:09,3.466,-3.073
21-05-18 09:10,3.484,-4.031
21-05-18 09:11,3.478,-3.445
21-05-18 09:12,3.469,-4.175
21-05-18 09:13,3.936,-4.540
21-05-18 09:14,5.488,-4.849
21-05-18 09:15,5.487,-4.308
21-05-18 09:16,5.490,-3.490
21-05-18 09:17,5.497,-3.369
21-05-18 09:18,5.497,-2.931
21-05-18 09:19,5.498,-3.278
21-05-18 09:20,5.497,-3.461
21-05-18 09:21,2.405,-3.291
21-05-18 09:22,2.150,-3.458
21-05-18 09:23,0.323,-4.365
21-05-18 09:24,0.000,-4.551
21-05-18 09:25,0.000,-5.497
21-05-18 09:26,0.000,-4.950
21-05-18 09:27,0.000,-5.488
21-05-18 09:28,0.000,-4.946
21-05-18 09:29,0.000,-4.256
21-05-18 09:30,0.000,-4.405
21-05-18 09:31,0.000,-3.879
21-05-18 09:32,0.000,-3.075
21-05-18 09:33,0.000,-3.654
21-05-18 09:34,0.000,-3.631
21-05-18 09:35,0.000,-4.592
21-05-18 09:36,0.000,-5.248
21-05-18 09:37,0.000,-4.814
21-05-18 09:38,0.000,-5.441
21-05-18 09:39,0.000,-6.325
21-05-18 09:40,0.000,-5.460
21-05-18 09:41,0.000,-4.468
21-05-18 09:42,0.000,-3.671
21-05-18 09:43,0.000,-4.403
21-05-18 09:44,0.000,-3.539
21-05-18 09:45,0.000,-3.539
21-05-18 09:46,0.000,-4.389
21-05-18 09:47,0.000,-4.484
21-05-18 09:48,0.000,-3.693
21-05-18 09:49,0.000,-4.427
21-05-18 09:50,0.000,-4.465
21-05-18 09:51,0.000,-4.809
21-05-18 09:52,0.000,-5.440
21-05-18 09:53,0.000,-5.089
21-05-18 09:54,0.000,-5.453
21-05-18 09:55,0.000,-5.528
21-05-18 09:56,0.000,-4.865
21-05-18 09:57,0.000,-5.498
21-05-18 09:58,0.000,-5.948
21-05-18 09:59,0.000,-5.263
21-05-18 10:00,0.000,-4.273
21-05-18 10:01,0.000,-4.518
21-05-18 10:02,0.000,-3.976
21-05-18 10:03,0.000,-3.658
21-05-18 10:04,0.000,-4.005
21-05-18 10:05,0.000,-3.161
21-05-18 10:06,0.000,-3.148
21-05-18 10:07,0.000,-2.256
21-05-18 10:08,0.000,-1.602
21-05-18 10:09,0.641,-2.164
21-05-18 10:10,3.491,-2.460
21-05-18 10:11,3.495,-2.267
21-05-18 10:12,3.539,-3.089
21-05-18 10:13,3.545,-3.425
21-05-18 10:14,3.532,-3.811
21-05-18 10:15,3.521,-4.089
21-05-18 10:16,3.517,-3.625
21-05-18 10:17,3.510,-3.627
21-05-18 10:18,3.510,-3.355
21-05-18 10:19,3.517,-3.952
21-05-18 10:20,3.513,-4.786
21-05-18 10:21,3.515,-5.430
21-05-18 10:22,3.509,-6.205
21-05-18 10:23,3.541,-7.175
21-05-18 10:24,1.179,-6.553
21-05-18 10:25,0.000,-6.541
21-05-18 10:26,0.000,-7.445
21-05-18 10:27,0.000,-6.718
21-05-18 10:28,0.000,-6.264
21-05-18 10:29,0.000,-6.164
21-05-18 10:30,0.000,-7.143
21-05-18 10:31,0.000,-7.391
21-05-18 10:32,0.000,-7.108
21-05-18 10:33,0.000,-6.396
21-05-18 10:34,0.000,-5.904
21-05-18 10:35,0.000,-5.061
21-05-18 10:36,0.000,-4.801
21-05-18 10:37,0.000,-5.719
21-05-18 10:38,0.000,-5.231
21-05-18 10:39,0.000,-4.891
21-05-18 10:40,0.000,-4.216
21-05-18 10:41,0.000,-3.551
21-05-18 10:42,0.000,-3.554
21-05-18 10:43,0.000,-3.320
21-05-18 10:44,0.000,-3.169
21-05-18 10:45,0.000,-3.343
21-05-18 10:46,0.000,-4.146
21-05-18 10:47,0.000,-3.243
21-05-18 10:48,0.000,-3.184
21-05-18 10:49,0.000,-3.520
21-05-18 10:50,0.000,-4.101
21-05-18 10:51,0.000,-3.989
21-05-18 10:52,0.000,-3.817
21-05-18 10:53,0.000,-3.538
21-05-18 10:54,0.000,-3.174
21-05-18 10:55,0.000,-3.586
21-05-18 10:56,0.000,-3.038
21-05-18 10:57,0.000,-2.188
21-05-18 10:58,0.000,-1.224
21-05-18 10:59,0.000,-1.412
21-05-18 11:00,0.000,-0.832
21-05-18 11:01,0.000,-0.999
21-05-18 11:02,0.000,-0.832
21-05-18 11:03,0.000,-0.924
21-05-18 11:04,0.000,-0.731
21-05-18 11:05,0.000,-0.960
21-05-18 11:06,0.000,-0.752
21-05-18 11:07,0.000,-0.997
21-05-18 11:08,0.000,-1.166
21-05-18 11:09,0.000,-0.751
21-05-18 11:10,0.000,-0.044
21-05-18 11:11,0.000,-0.255
21-05-18 11:12,0.000,-1.208
21-05-18 11:13,0.000,-0.302
21-05-18 11:14,0.000,-1.155
21-05-18 11:15,0.000,-1.322
21-05-18 11:16,0.000,-1.513
21-05-18 11:17,0.000,-2.479
21-05-18 11:18,0.000,-2.541
21-05-18 11:19,0.000,-2.207
21-05-18 11:20,0.000,-1.849
21-05-18 11:21,0.000,-1.859
21-05-18 11:22,0.000,-2.302
21-05-18 11:23,0.000,-1.602
21-05-18 11:24,0.000,-0.752
21-05-18 11:25,0.000,-1.363
21-05-18 11:26,0.000,-0.664
21-05-18 11:27,0.000,-0.038
21-05-18 11:28,0.000,-1.033
21-05-18 11:29,0.000,-0.072
21-05-18 11:30,0.000,-0.033
21-05-18 11:31,0.000,-0.578
21-05-18 11:32,0.000,-0.989
21-05-18 11:33,0.000,-0.995
21-05-18 11:34,0.000,-1.001
21-05-18 11:35,1.446,-0.028
21-05-18 11:36,3.344,-0.509
21-05-18 11:37,3.386,-1.251
21-05-18 11:38,3.467,-1.064
21-05-18 11:39,3.544,-1.362
21-05-18 11:40,3.545,-2.324
21-05-18 11:41,3.536,-2.957
21-05-18 11:42,3.517,-2.563
21-05-18 11:43,3.517,-3.168
21-05-18 11:44,3.500,-3.389
21-05-18 11:45,3.508,-3.307
21-05-18 11:46,3.535,-3.376
21-05-18 11:47,3.515,-3.400
21-05-18 11:48,3.495,-4.385
21-05-18 11:49,3.483,-3.449
21-05-18 11:50,3.470,-3.251
21-05-18 11:51,1.371,-3.523
21-05-18 11:52,0.000,-3.842
21-05-18 11:53,0.000,-4.122
21-05-18 11:54,0.000,-3.151
21-05-18 11:55,0.000,-3.447
21-05-18 11:56,0.000,-2.926
21-05-18 11:57,0.000,-3.601
21-05-18 11:58,0.000,-3.801
21-05-18 11:59,0.000,-3.793
21-05-18 12:00,0.000,-3.992
21-05-18 12:01,0.000,-4.583
21-05-18 12:02,0.000,-4.926
21-05-18 12:03,0.000,-5.858
21-05-18 12:04,0.000,-6.467
21-05-18 12:05,0.000,-6.264
21-05-18 12:06,0.000,-5.535
21-05-18 12:07,0.000,-5.394
21-05-18 12:08,0.000,-5.193
21-05-18 12:09,0.000,-6.075
21-05-18 12:10,0.000,-5.753
21-05-18 12:11,0.000,-6.303
21-05-18 12:12,0.000,-6.323
21-05-18 12:13,0.000,-5.445
21-05-18 12:14,0.000,-4.882
21-05-18 12:15,0.000,-4.301
21-05-18 12:16,0.000,-4.191
21-05-18 12:17,0.000,-3.818
21-05-18 12:18,0.000,-4.098
21-05-18 12:19,0.000,-4.022
21-05-18 12:20,0.000,-4.003
21-05-18 12:21,0.344,-3.232
21-05-18 12:22,2.162,-4.221
21-05-18 12:23,2.155,-3.418
21-05-18 12:24,2.159,-3.472
21-05-18 12:25,2.155,-3.843
21-05-18 12:26,2.150,-4.182
21-05-18 12:27,2.149,-5.079
21-05-18 12:28,2.152,-5.220
21-05-18 12:29,2.150,-5.730
21-05-18 12:30,2.150,-4.914
21-05-18 12:31,0.860,-5.391
21-05-18 12:32,0.000,-6.370
21-05-18 12:33,0.000,-7.109
21-05-18 12:34,0.000,-6.895
21-05-18 12:35,0.000,-6.724
21-05-18 12:36,0.000,-5.765
21-05-18 12:37,0.000,-6.521
21-05-18 12:38,0.000,-6.476
21-05-18 12:39,0.000,-6.680
21-05-18 12:40,0.000,-5.952
21-05-18 12:41,0.000,-5.616
21-05-18 12:42,0.000,-4.985
21-05-18 12:43,0.000,-5.794
21-05-18 12:44,0.000,-4.795
21-05-18 12:45,0.000,-5.398
21-05-18 12:46,0.000,-6.172
21-05-18 12:47,0.000,-6.975
21-05-18 12:48,0.000,-6.493
21-05-18 12:49,0.000,-7.033
21-05-18 12:50,0.000,-6.583
21-05-18 12:51,0.000,-7.169
21-05-18 12:52,0.000,-7.427
21-05-18 12:53,0.871,-6.832
21-05-18 12:54,3.425,-7.617
21-05-18 12:55,3.409,-8.328
21-05-18 12:56,3.385,-7.571
21-05-18 12:57,3.395,-7.041
21-05-18 12:58,3.392,-6.513
21-05-18 12:59,3.393,-5.776
21-05-18 13:00,3.383,-5.047
21-05-18 13:01,3.382,-4.064
21-05-18 13:02,3.381,-4.431
21-05-18 13:03,3.375,-3.692
21-05-18 13:04,3.376,-3.625
21-05-18 13:05,3.384,-4.118
21-05-18 13:06,3.381,-4.072
21-05-18 13:07,3.397,-4.017
21-05-18 13:08,3.387,-3.423
21-05-18 13:09,3.391,-4.377
21-05-18 13:10,0.170,-4.218
21-05-18 13:11,0.000,-4.710
21-05-18 13:12,0.000,-3.811
21-05-18 13:13,0.000,-2.824
21-05-18 13:14,0.000,-2.686
21-05-18 13:15,0.000,-2.732
21-05-18 13:16,0.000,-2.378
21-05-18 13:17,0.000,-1.568
21-05-18 13:18,0.000,-2.491
21-05-18 13:19,0.000,-2.626
21-05-18 13:20,0.000,-3.414
21-05-18 13:21,0.000,-2.814
21-05-18 13:22,0.000,-3.167
21-05-18 13:23,0.000,-3.067
21-05-18 13:24,0.000,-3.339
21-05-18 13:25,0.000,-2.911
21-05-18 13:26,0.000,-2.731
21-05-18 13:27,0.000,-2.631
21-05-18 13:28,0.000,-3.414
21-05-18 13:29,0.000,-3.750
21-05-18 13:30,0.000,-4.332
21-05-18 13:31,0.000,-3.947
21-05-18 13:32,0.000,-3.847
21-05-18 13:33,0.000,-4.053
21-05-18 13:34,0.000,-4.529
21-05-18 13:35,0.000,-5.011
21-05-18 13:36,0.000,-5.987
21-05-18 13:37,0.000,-5.155
21-05-18 13:38,0.000,-5.253
21-05-18 13:39,0.000,-6.096
21-05-18 13:40,0.000,-5.532
21-05-18 13:41,0.000,-5.770
21-05-18 13:42,0.000,-5.870
21-05-18 13:43,0.000,-6.529
21-05-18 13:44,0.000,-6.414
21-05-18 13:45,0.000,-5.617
21-05-18 13:46,0.000,-5.831
21-05-18 13:47,0.000,-5.919
21-05-18 13:48,0.000,-5.570
21-05-18 13:49,0.000,-6.016
21-05-18 13:50,0.000,-5.562
21-05-18 13:51,0.000,-5.327
21-05-18 13:52,0.000,-4.508
21-05-18 13:53,0.000,-3.652
21-05-18 13:54,0.000,-3.528
21-05-18 13:55,0.000,-2.965
21-05-18 13:56,0.000,-2.741
21-05-18 13:57,0.000,-2.688
21-05-18 13:58,0.000,-2.466
21-05-18 13:59,0.000,-2.098
21-05-18 14:00,0.000,-1.340
21-05-18 14:01,0.000,-1.554
21-05-18 14:02,0.000,-0.691
21-05-18 14:03,0.000,-1.501
21-05-18 14:04,0.000,-1.098
21-05-18 14:05,0.000,-1.641
21-05-18 14:06,0.000,-1.487
21-05-18 14:07,0.000,-1.495
21-05-18 14:08,0.000,-1.469
21-05-18 14:09,0.000,-0.697
21-05-18 14:10,0.000,-1.241
21-05-18 14:11,0.000,-0.757
21-05-18 14:12,3.327,-0.890
21-05-18 14:13,3.431,-0.621
21-05-18 14:14,3.444,-1.161
21-05-18 14:15,3.462,-2.003
21-05-18 14:16,3.455,-2.077
21-05-18 14:17,3.449,-1.087
21-05-18 14:18,3.472,-1.814
21-05-18 14:19,3.455,-1.973
21-05-18 14:20,3.509,-1.391
21-05-18 14:21,4.498,-1.708
21-05-18 14:22,5.691,-1.807
21-05-18 14:23,5.669,-2.394
21-05-18 14:24,5.664,-2.097
21-05-18 14:25,5.626,-1.455
21-05-18 14:26,5.611,-1.531
21-05-18 14:27,5.669,-1.779
21-05-18 14:28,3.147,-1.761
21-05-18 14:29,2.156,-1.305
21-05-18 14:30,2.149,-1.321
21-05-18 14:31,2.146,-0.413
21-05-18 14:32,2.153,-0.249
21-05-18 14:33,2.162,-0.177
21-05-18 14:34,2.149,-0.046
21-05-18 14:35,2.163,-0.244
21-05-18 14:36,0.446,-0.645
21-05-18 14:37,0.000,-1.255
21-05-18 14:38,0.000,-1.840
21-05-18 14:39,0.000,-2.423
21-05-18 14:40,0.000,-2.804
21-05-18 14:41,0.000,-1.937
21-05-18 14:42,0.000,-1.949
21-05-18 14:43,0.000,-1.157
21-05-18 14:44,0.000,-1.549
21-05-18 14:45,0.000,-1.807
21-05-18 14:46,0.000,-1.730
21-05-18 14:47,0.000,-1.799
21-05-18 14:48,0.000,-2.155
21-05-18 14:49,0.000,-2.005
21-05-18 14:50,0.000,-2.092
21-05-18 14:51,0.000,-1.125
21-05-18 14:52,0.000,-0.581
21-05-18 14:53,3.698,-0.849
21-05-18 14:54,3.735,-0.486
21-05-18 14:55,3.724,-0.276
21-05-18 14:56,3.726,-0.347
21-05-18 14:57,3.559,-0.673
21-05-18 14:58,3.677,-0.046
21-05-18 14:59,3.634,-0.637
21-05-18 15:00,3.641,-1.331
21-05-18 15:01,3.601,-1.341
21-05-18 15:02,3.592,-0.416
21-05-18 15:03,3.595,-0.112
21-05-18 15:04,3.590,-0.159
21-05-18 15:05,3.578,-0.977
21-05-18 15:06,3.597,-0.434
21-05-18 15:07,3.618,-0.712
21-05-18 15:08,3.622,-1.139
21-05-18 15:09,3.650,-0.145
21-05-18 15:10,0.000,-1.071
21-05-18 15:11,0.000,-0.940
21-05-18 15:12,0.000,-1.196
21-05-18 15:13,0.000,-0.804
21-05-18 15:14,0.000,-1.436
21-05-18 15:15,0.000,-2.193
21-05-18 15:16,0.000,-2.636
21-05-18 15:17,0.000,-2.869
21-05-18 15:18,0.000,-2.122
21-05-18 15:19,0.000,-1.651
21-05-18 15:20,0.000,-1.772
21-05-18 15:21,0.000,-1.184
21-05-18 15:22,0.000,-1.405
21-05-18 15:23,0.000,-1.907
21-05-18 15:24,0.000,-2.566
21-05-18 15:25,0.000,-3.541
21-05-18 15:26,0.000,-3.204
21-05-18 15:27,0.000,-2.400
21-05-18 15:28,0.000,-1.729
21-05-18 15:29,0.000,-1.941
21-05-18 15:30,0.000,-2.870
21-05-18 15:31,0.000,-3.134
21-05-18 15:32,1.667,-3.416
21-05-18 15:33,2.213,-3.139
21-05-18 15:34,2.212,-3.952
21-05-18 15:35,2.211,-2.983
21-05-18 15:36,2.213,-2.785
21-05-18 15:37,2.213,-3.429
21-05-18 15:38,2.218,-2.602
21-05-18 15:39,2.212,-3.393
21-05-18 15:40,1.680,-3.696
21-05-18 15:41,0.000,-3.692
21-05-18 15:42,0.000,-3.078
21-05-18 15:43,0.000,-3.555
21-05-18 15:44,0.000,-2.686
21-05-18 15:45,0.000,-2.086
21-05-18 15:46,0.000,-1.914
21-05-18 15:47,0.000,-0.982
21-05-18 15:48,0.000,-1.372
21-05-18 15:49,0.000,-1.525
21-05-18 15:50,2.258,-2.032
21-05-18 15:51,3.530,-2.054
21-05-18 15:52,3.525,-1.991
21-05-18 15:53,3.527,-2.439
21-05-18 15:54,3.516,-2.949
21-05-18 15:55,3.532,-2.205
21-05-18 15:56,3.526,-1.465
21-05-18 15:57,3.529,-0.775
21-05-18 15:58,3.532,-0.642
21-05-18 15:59,3.535,-0.181
21-05-18 16:00,3.543,-1.139
21-05-18 16:01,3.533,-1.697
21-05-18 16:02,3.544,-0.827
21-05-18 16:03,3.556,-1.429
21-05-18 16:04,3.558,-1.306
21-05-18 16:05,2.074,-1.920
21-05-18 16:06,0.000,-2.775
21-05-18 16:07,0.000,-3.726
21-05-18 16:08,0.000,-4.076
21-05-18 16:09,0.000,-4.920
21-05-18 16:10,0.000,-5.681
21-05-18 16:11,0.000,-5.490
21-05-18 16:12,0.000,-5.612
21-05-18 16:13,0.000,-5.214
21-05-18 16:14,0.000,-5.011
21-05-18 16:15,0.000,-4.294
21-05-18 16:16,0.000,-5.062
21-05-18 16:17,0.000,-4.959
21-05-18 16:18,0.000,-5.229
21-05-18 16:19,0.000,-4.662
21-05-18 16:20,0.000,-4.147
21-05-18 16:21,0.000,-4.635
21-05-18 16:22,0.000,-3.687
21-05-18 16:23,0.000,-3.715
21-05-18 16:24,0.000,-4.684
21-05-18 16:25,0.000,-5.062
21-05-18 16:26,0.000,-5.617
21-05-18 16:27,0.000,-5.214
21-05-18 16:28,0.000,-5.645
21-05-18 16:29,0.000,-5.472
21-05-18 16:30,0.000,-4.962
21-05-18 16:31,0.000,-4.675
21-05-18 16:32,0.000,-5.281
21-05-18 16:33,0.000,-6.186
21-05-18 16:34,0.000,-5.308
21-05-18 16:35,0.000,-4.420
21-05-18 16:36,0.000,-4.119
21-05-18 16:37,0.000,-3.899
21-05-18 16:38,0.000,-3.008
21-05-18 16:39,0.000,-3.579
21-05-18 16:40,0.000,-4.295
21-05-18 16:41,0.000,-4.650
21-05-18 16:42,0.000,-5.145
21-05-18 16:43,0.000,-4.603
21-05-18 16:44,0.000,-5.556
21-05-18 16:45,0.000,-6.085
21-05-18 16:46,0.000,-6.229
21-05-18 16:47,0.000,-6.003
21-05-18 16:48,0.000,-6.838
21-05-18 16:49,0.000,-7.531
21-05-18 16:50,0.000,-7.447
21-05-18 16:51,0.000,-8.060
21-05-18 16:52,0.000,-7.846
21-05-18 16:53,0.000,-7.937
21-05-18 16:54,0.000,-8.754
21-05-18 16:55,0.000,-8.894
21-05-18 16:56,0.000,-7.911
21-05-18 16:57,0.000,-7.202
21-05-18 16:58,0.000,-6.765
21-05-18 16:59,0.000,-7.269
21-05-18 17:00,0.000,-7.722
21-05-18 17:01,0.000,-7.245
21-05-18 17:02,0.000,-7.002
21-05-18 17:03,0.303,-6.792
21-05-18 17:04,3.445,-6.305
21-05-18 17:05,3.449,-7.118
21-05-18 17:06,3.456,-7.869
21-05-18 17:07,3.454,-7.920
21-05-18 17:08,3.452,-7.026
21-05-18 17:09,3.449,-7.256
21-05-18 17:10,3.452,-7.006
21-05-18 17:11,3.455,-7.813
21-05-18 17:12,3.440,-8.636
21-05-18 17:13,3.434,-7.826
21-05-18 17:14,3.430,-8.414
21-05-18 17:15,3.431,-7.801
21-05-18 17:16,3.434,-8.111
21-05-18 17:17,3.441,-8.929
21-05-18 17:18,3.440,-8.670
21-05-18 17:19,3.442,-8.294
21-05-18 17:20,0.596,-8.772
21-05-18 17:21,0.000,-8.865
21-05-18 17:22,0.000,-8.759
21-05-18 17:23,0.000,-7.923
21-05-18 17:24,0.000,-8.569
21-05-18 17:25,0.000,-8.046
21-05-18 17:26,0.000,-7.852
21-05-18 17:27,0.000,-8.433
21-05-18 17:28,0.000,-8.566
21-05-18 17:29,0.000,-8.341
21-05-18 17:30,0.000,-8.704
21-05-18 17:31,0.000,-8.373
21-05-18 17:32,0.000,-7.602
21-05-18 17:33,0.000,-7.943
21-05-18 17:34,0.000,-8.641
21-05-18 17:35,0.000,-8.645
21-05-18 17:36,0.000,-8.786
21-05-18 17:37,0.000,-8.759
21-05-18 17:38,0.000,-8.012
21-05-18 17:39,0.000,-8.178
21-05-18 17:40,0.167,-7.209
21-05-18 17:41,2.149,-6.610
21-05-18 17:42,2.141,-6.620
21-05-18 17:43,2.135,-6.033
21-05-18 17:44,2.137,-5.864
21-05-18 17:45,2.136,-6.391
21-05-18 17:46,2.134,-5.938
21-05-18 17:47,2.135,-5.495
21-05-18 17:48,2.146,-6.113
21-05-18 17:49,1.604,-5.948
21-05-18 17:50,0.000,-6.829
21-05-18 17:51,0.000,-7.510
21-05-18 17:52,0.000,-7.006
21-05-18 17:53,0.000,-6.248
21-05-18 17:54,0.000,-6.276
21-05-18 17:55,0.000,-5.885
21-05-18 17:56,0.000,-6.347
21-05-18 17:57,0.000,-6.624
21-05-18 17:58,0.000,-5.822
21-05-18 17:59,0.000,-6.716
21-05-18 18:00,0.000,-5.758
21-05-18 18:01,0.000,-4.759
21-05-18 18:02,0.000,-4.750
21-05-18 18:03,0.000,-4.541
21-05-18 18:04,0.000,-3.858
21-05-18 18:05,0.000,-4.500
21-05-18 18:06,0.000,-4.660
21-05-18 18:07,0.000,-5.513
21-05-18 18:08,2.126,-5.380
21-05-18 18:09,3.395,-5.957
21-05-18 18:10,3.407,-6.668
21-05-18 18:11,3.415,-7.605
21-05-18 18:12,3.417,-7.333
21-05-18 18:13,3.415,-6.393
21-05-18 18:14,3.416,-5.995
21-05-18 18:15,3.420,-5.412
21-05-18 18:16,3.415,-5.473
21-05-18 18:17,3.416,-5.517
21-05-18 18:18,3.402,-4.760
21-05-18 18:19,3.405,-5.630
21-05-18 18:20,3.409,-4.737
21-05-18 18:21,3.410,-4.141
21-05-18 18:22,3.408,-3.875
21-05-18 18:23,3.395,-4.763
21-05-18 18:24,0.387,-4.979
21-05-18 18:25,0.000,-5.002
21-05-18 18:26,0.000,-5.901
21-05-18 18:27,0.000,-6.391
21-05-18 18:28,0.000,-5.742
21-05-18 18:29,0.000,-5.439
21-05-18 18:30,0.000,-4.454
21-05-18 18:31,0.000,-5.105
21-05-18 18:32,0.000,-5.465
21-05-18 18:33,0.000,-4.870
21-05-18 18:34,0.000,-4.628
21-05-18 18:35,0.000,-4.257
21-05-18 18:36,0.000,-4.298
21-05-18 18:37,0.000,-3.912
21-05-18 18:38,0.000,-4.673
21-05-18 18:39,0.000,-5.609
21-05-18 18:40,0.000,-4.789
21-05-18 18:41,0.000,-5.766
21-05-18 18:42,0.000,-5.740
21-05-18 18:43,0.000,-6.625
21-05-18 18:44,0.000,-6.819
21-05-18 18:45,0.000,-7.703
21-05-18 18:46,0.000,-8.243
21-05-18 18:47,0.000,-8.933
21-05-18 18:48,0.000,-8.986
21-05-18 18:49,0.000,-8.848
21-05-18 18:50,0.000,-8.119
21-05-18 18:51,0.000,-7.133
21-05-18 18:52,0.000,-7.082
21-05-18 18:53,0.000,-7.807
21-05-18 18:54,0.000,-7.806
21-05-18 18:55,0.000,-8.035
21-05-18 18:56,0.000,-8.262
21-05-18 18:57,0.000,-7.689
21-05-18 18:58,0.000,-7.547
21-05-18 18:59,0.000,-6.873
21-05-18 19:00,0.000,-6.732
21-05-18 19:01,0.000,-6.870
21-05-18 19:02,0.000,-7.688
21-05-18 19:03,0.000,-7.958
21-05-18 19:04,0.000,-8.103
21-05-18 19:05,0.000,-7.734
21-05-18 19:06,0.000,-8.537
21-05-18 19:07,0.000,-8.939
21-05-18 19:08,0.000,-8.213
21-05-18 19:09,0.000,-8.850
21-05-18 19:10,0.000,-7.925
21-05-18 19:11,0.000,-8.523
21-05-18 19:12,0.000,-8.669
21-05-18 19:13,0.000,-7.835
21-05-18 19:14,0.000,-8.557
21-05-18 19:15,0.000,-8.501
21-05-18 19:16,0.000,-7.561
21-05-18 19:17,0.000,-8.466
21-05-18 19:18,0.000,-7.957
21-05-18 19:19,0.000,-8.530
21-05-18 19:20,0.000,-7.682
21-05-18 19:21,0.000,-7.965
21-05-18 19:22,0.000,-7.492
21-05-18 19:23,0.000,-7.745
21-05-18 19:24,0.000,-7.375
21-05-18 19:25,0.233,-7.187
21-05-18 19:26,3.481,-7.656
21-05-18 19:27,3.485,-7.293
21-05-18 19:28,3.478,-6.584
21-05-18 19:29,3.471,-7.529
21-05-18 19:30,3.467,-7.026
21-05-18 19:31,3.474,-7.197
21-05-18 19:32,3.463,-7.013
21-05-18 19:33,3.462,-6.196
21-05-18 19:34,3.468,-7.110
21-05-18 19:35,3.484,-7.140
21-05-18 19:36,3.486,-6.684
21-05-18 19:37,3.496,-6.432
21-05-18 19:38,3.498,-5.779
21-05-18 19:39,3.497,-6.236
21-05-18 19:40,3.492,-6.838
21-05-18 19:41,0.523,-5.946
21-05-18 19:42,0.000,-6.241
21-05-18 19:43,0.000,-5.744
21-05-18 19:44,0.000,-5.147
21-05-18 19:45,0.000,-5.749
21-05-18 19:46,0.000,-6.490
21-05-18 19:47,0.000,-6.945
21-05-18 19:48,0.000,-7.513
21-05-18 19:49,0.000,-8.106
21-05-18 19:50,0.000,-7.143
21-05-18 19:51,0.000,-6.217
21-05-18 19:52,0.000,-5.884
21-05-18 19:53,0.000,-6.725
21-05-18 19:54,0.000,-5.796
21-05-18 19:55,0.000,-6.313
21-05-18 19:56,0.000,-6.714
21-05-18 19:57,0.000,-7.343
21-05-18 19:58,0.000,-8.253
21-05-18 19:59,0.000,-8.861
21-05-18 20:00,0.000,-8.430
21-05-18 20:01,0.000,-7.639
21-05-18 20:02,0.000,-8.116
21-05-18 20:03,0.000,-7.910
21-05-18 20:04,0.000,-8.611
21-05-18 20:05,0.000,-7.670
21-05-18 20:06,0.000,-8.264
21-05-18 20:07,0.000,-7.441
21-05-18 20:08,0.000,-7.453
21-05-18 20:09,0.000,-7.189
21-05-18 20:10,0.000,-6.934
21-05-18 20:11,0.000,-7.467
21-05-18 20:12,0.000,-7.454
21-05-18 20:13,0.000,-6.693
21-05-18 20:14,0.000,-5.868
21-05-18 20:15,0.000,-5.757
21-05-18 20:16,0.000,-5.073
21-05-18 20:17,0.000,-5.375
21-05-18 20:18,0.000,-5.813
21-05-18 20:19,0.000,-5.083
21-05-18 20:20,0.000,-5.094
21-05-18 20:21,0.000,-5.271
21-05-18 20:22,0.000,-6.174
21-05-18 20:23,0.000,-6.395
21-05-18 20:24,0.000,-5.528
21-05-18 20:25,0.000,-4.737
21-05-18 20:26,0.000,-4.115
21-05-18 20:27,0.000,-5.082
21-05-18 20:28,0.000,-4.551
21-05-18 20:29,0.000,-5.268
21-05-18 20:30,0.000,-6.061
21-05-18 20:31,0.000,-5.453
21-05-18 20:32,0.000,-5.864
21-05-18 20:33,0.000,-5.268
21-05-18 20:34,0.000,-5.376
21-05-18 20:35,0.000,-5.789
21-05-18 20:36,0.000,-5.880
21-05-18 20:37,0.000,-6.727
21-05-18 20:38,0.000,-6.249
21-05-18 20:39,0.000,-5.475
21-05-18 20:40,0.000,-5.091
21-05-18 20:41,0.000,-5.897
21-05-18 20:42,1.948,-5.889
21-05-18 20:43,3.449,-6.270
21-05-18 20:44,3.458,-5.668
21-05-18 20:45,3.444,-5.206
21-05-18 20:46,3.451,-4.328
21-05-18 20:47,3.443,-5.226
21-05-18 20:48,3.447,-5.660
21-05-18 20:49,3.455,-4.809
21-05-18 20:50,3.453,-4.803
21-05-18 20:51,3.454,-4.744
21-05-18 20:52,3.451,-5.527
21-05-18 20:53,3.449,-5.046
21-05-18 20:54,3.449,-4.568
21-05-18 20:55,3.449,-4.184
21-05-18 20:56,3.441,-3.950
21-05-18 20:57,1.302,-4.494
21-05-18 20:58,0.000,-4.572
21-05-18 20:59,0.000,-5.507
21-05-18 21:00,0.000,-0.441
21-05-18 21:01,0.000,-0.590
21-05-18 21:02,0.000,-0.477
21-05-18 21:03,1.824,-0.348
21-05-18 21:04,2.159,-0.505
21-05-18 21:05,2.168,-0.377
21-05-18 21:06,2.173,-0.077
21-05-18 21:07,2.170,-0.164
21-05-18 21:08,2.170,-0.217
21-05-18 21:09,2.177,-0.410
21-05-18 21:10,2.181,-0.428
21-05-18 21:11,2.185,-0.352
21-05-18 21:12,2.183,-0.090
21-05-18 21:13,2.176,-0.155
21-05-18 21:14,2.178,-0.116
21-05-18 21:15,2.188,-0.207
21-05-18 21:16,2.188,-0.278
21-05-18 21:17,2.180,-0.345
21-05-18 21:18,2.170,-0.449
21-05-18 21:19,2.182,-0.374
21-05-18 21:20,2.849,-0.402
21-05-18 21:21,4.860,-0.483
21-05-18 21:22,3.453,-0.315
21-05-18 21:23,3.450,-0.228
21-05-18 21:24,3.444,-0.252
21-05-18 21:25,3.449,-0.372
21-05-18 21:26,3.455,-0.348
21-05-18 21:27,3.460,-0.088
21-05-18 21:28,3.459,-0.027
21-05-18 21:29,3.456,-0.028
21-05-18 21:30,3.455,-0.081
21-05-18 21:31,3.459,-0.185
21-05-18 21:32,3.465,-0.139
21-05-18 21:33,3.467,-0.232
21-05-18 21:34,3.457,-0.306
21-05-18 21:35,3.451,-0.318
21-05-18 21:36,3.453,-0.439
21-05-18 21:37,3.453,-0.289
21-05-18 21:38,3.453,-0.487
21-05-18 21:39,3.447,-0.528
21-05-18 21:40,3.441,-0.178
21-05-18 21:41,2.621,-0.137
21-05-18 21:42,0.000,-0.081
21-05-18 21:43,0.000,-0.260
21-05-18 21:44,0.000,-0.407
21-05-18 21:45,0.000,-0.500
21-05-18 21:46,0.000,-0.346
21-05-18 21:47,0.000,-0.209
21-05-18 21:48,0.000,-0.299
21-05-18 21:49,0.000,-0.177
21-05-18 21:50,0.000,-0.166
21-05-18 21:51,0.000,-0.303
21-05-18 21:52,0.000,-0.116
21-05-18 21:53,0.000,-0.303
21-05-18 21:54,0.000,-0.025
21-05-18 21:55,0.000,-0.013
21-05-18 21:56,0.000,-0.109
21-05-18 21:57,0.000,-0.200
21-05-18 21:58,0.000,-0.163
21-05-18 21:59,0.000,-0.062
21-05-18 22:00,0.000,-0.256
21-05-18 22:01,0.000,-0.074
21-05-18 22:02,0.000,-0.116
21-05-18 22:03,0.000,-0.106
21-05-18 22:04,0.000,-0.003
21-05-18 22:05,0.000,-0.086
21-05-18 22:06,0.000,-0.285
21-05-18 22:07,0.000,-0.260
21-05-18 22:08,0.000,-0.028
21-05-18 22:09,0.000,-0.224
21-05-18 22:10,0.000,-0.180
21-05-18 22:11,0.000,-0.138
21-05-18 22:12,0.000,-0.271
21-05-18 22:13,0.000,-0.241
21-05-18 22:14,0.000,-0.273
21-05-18 22:15,0.000,-0.398
21-05-18 22:16,0.000,-0.136
21-05-18 22:17,0.000,-0.303
21-05-18 22:18,0.774,-0.450
21-05-18 22:19,3.498,-0.128
21-05-18 22:20,3.506,-0.010
21-05-18 22:21,3.509,-0.180
21-05-18 22:22,3.501,-0.161
21-05-18 22:23,3.495,-0.292
21-05-18 22:24,3.495,-0.017
21-05-18 22:25,3.498,-0.036
21-05-18 22:26,3.502,-0.078
21-05-18 22:27,3.504,-0.062
21-05-18 22:28,3.504,-0.085
21-05-18 22:29,3.504,-0.244
21-05-18 22:30,3.502,-0.105
21-05-18 22:31,3.506,-0.224
21-05-18 22:32,3.515,-0.140
21-05-18 22:33,3.517,-0.064
21-05-18 22:34,1.122,-0.209
21-05-18 22:35,0.000,-0.353
21-05-18 22:36,0.000,-0.072
21-05-18 22:37,0.000,-0.175
21-05-18 22:38,0.000,-0.233
21-05-18 22:39,0.000,-0.235
21-05-18 22:40,0.000,-0.132
21-05-18 22:41,0.000,-0.130
21-05-18 22:42,0.000,-0.121
21-05-18 22:43,0.000,-0.193
21-05-18 22:44,0.000,-0.075
21-05-18 22:45,0.000,-0.226
21-05-18 22:46,0.000,-0.363
21-05-18 22:47,0.000,-0.421
21-05-18 22:48,0.000,-0.005
21-05-18 22:49,0.000,-0.007
21-05-18 22:50,0.000,-0.201
21-05-18 22:51,0.000,-0.384
21-05-18 22:52,0.000,-0.487
21-05-18 22:53,0.000,-0.076
21-05-18 22:54,0.000,-0.252
21-05-18 22:55,0.000,-0.420
21-05-18 22:56,0.000,-0.593
21-05-18 22:57,0.000,-0.538
21-05-18 22:58,0.000,-0.052
21-05-18 22:59,0.000,-0.109
21-05-18 23:00,0.000,-0.235
21-05-18 23:01,0.000,-0.367
21-05-18 23:02,0.000,-0.120
21-05-18 23:03,0.000,-0.264
21-05-18 23:04,0.000,-0.342
21-05-18 23:05,0.000,-0.347
21-05-18 23:06,0.000,-0.217
21-05-18 23:07,0.000,-0.181
21-05-18 23:08,0.000,-0.112
21-05-18 23:09,0.000,-0.208
21-05-18 23:10,0.496,-0.012
21-05-18 23:11,2.152,-0.114
21-05-18 23:12,2.154,-0.207
21-05-18 23:13,2.159,-0.328
21-05-18 23:14,2.155,-0.442
21-05-18 23:15,2.194,-0.258
21-05-18 23:16,2.195,-0.399
21-05-18 23:17,2.195,-0.352
21-05-18 23:18,2.198,-0.476
21-05-18 23:19,2.196,-0.401
21-05-18 23:20,4.185,-0.587
21-05-18 23:21,3.758,-0.126
21-05-18 23:22,3.510,-0.082
21-05-18 23:23,3.504,-0.149
21-05-18 23:24,3.513,-0.209
21-05-18 23:25,3.513,-0.169
21-05-18 23:26,3.496,-0.337
21-05-18 23:27,3.509,-0.126
21-05-18 23:28,3.492,-0.172
21-05-18 23:29,3.484,-0.338
21-05-18 23:30,3.274,-0.186
21-05-18 23:31,3.284,-0.086
21-05-18 23:32,3.285,-0.001
21-05-18 23:33,3.282,-0.077
21-05-18 23:34,3.285,-0.133
21-05-18 23:35,3.287,-0.261
21-05-18 23:36,0.808,-0.363
21-05-18 23:37,0.000,-0.505
21-05-18 23:38,0.000,-0.376
21-05-18 23:39,0.000,-0.493
21-05-18 23:40,0.000,-0.496
21-05-18 23:41,0.000,-0.638
21-05-18 23:42,0.000,-0.324
21-05-18 23:43,0.000,-0.055
21-05-18 23:44,0.000,-0.015
21-05-18 23:45,0.000,-0.007
21-05-18 23:46,0.000,-0.036
21-05-18 23:47,0.000,-0.180
21-05-18 23:48,0.000,-0.304
21-05-18 23:49,0.000,-0.294
21-05-18 23:50,0.000,-0.218
21-05-18 23:51,0.000,-0.261
21-05-18 23:52,0.000,-0.285
21-05-18 23:53,0.000,-0.143
21-05-18 23:54,0.000,-0.324
21-05-18 23:55,0.000,-0.029
21-05-18 23:56,0.000,-0.216
21-05-18 23:57,0.000,-0.040
21-05-18 23:58,0.000,-0.031
21-05-18 23:59,0.000,-0.055
22-05-18 00:00,0.000,-0.074
22-05-18 00:01,0.000,0.000
22-05-18 00:02,0.000,-0.127
22-05-18 00:03,0.000,-0.294
22-05-18 00:04,0.000,-0.386
22-05-18 00:05,0.000,-0.131
22-05-18 00:06,0.000,-0.317
22-05-18 00:07,0.000,-0.265
22-05-18 00:08,0.000,-0.181
22-05-18 00:09,0.000,-0.338
22-05-18 00:10,0.000,-0.233
22-05-18 00:11,0.000,-0.029
22-05-18 00:12,0.000,-0.099
22-05-18 00:13,0.000,-0.264
22-05-18 00:14,0.000,-0.133
22-05-18 00:15,0.000,-0.159
22-05-18 00:16,0.000,-0.222
22-05-18 00:17,0.000,-0.176
22-05-18 00:18,0.000,-0.238
22-05-18 00:19,0.000,-0.353
22-05-18 00:20,0.000,-0.289
22-05-18 00:21,0.000,-0.421
22-05-18 00:22,0.000,-0.567
22-05-18 00:23,2.124,-0.755
22-05-18 00:24,3.186,-0.626
22-05-18 00:25,3.185,-0.370
22-05-18 00:26,3.183,-0.115
22-05-18 00:27,3.186,-0.297
22-05-18 00:28,3.189,-0.117
22-05-18 00:29,3.185,-0.032
22-05-18 00:30,3.185,-0.208
22-05-18 00:31,3.187,-0.150
22-05-18 00:32,3.185,-0.302
22-05-18 00:33,3.191,-0.135
22-05-18 00:34,3.188,-0.009
22-05-18 00:35,3.178,-0.091
22-05-18 00:36,3.182,-0.069
22-05-18 00:37,3.183,-0.151
22-05-18 00:38,3.186,-0.009
22-05-18 00:39,3.120,-0.164
22-05-18 00:40,0.000,-0.228
22-05-18 00:41,0.000,-0.214
22-05-18 00:42,0.000,-0.145
22-05-18 00:43,0.000,-0.118
22-05-18 00:44,0.000,-0.175
22-05-18 00:45,0.000,-0.235
22-05-18 00:46,0.000,-0.042
22-05-18 00:47,0.000,-0.018
22-05-18 00:48,0.000,-0.092
22-05-18 00:49,0.000,-0.098
22-05-18 00:50,0.000,-0.012
22-05-18 00:51,0.000,-0.013
22-05-18 00:52,0.000,-0.064
22-05-18 00:53,0.000,-0.061
22-05-18 00:54,0.000,-0.250
22-05-18 00:55,0.000,-0.445
22-05-18 00:56,0.000,-0.427
22-05-18 00:57,0.000,-0.302
22-05-18 00:58,0.000,-0.158
22-05-18 00:59,0.000,-0.009
22-05-18 01:00,0.000,-0.074
22-05-18 01:01,0.000,-0.157
22-05-18 01:02,0.000,-0.255
22-05-18 01:03,0.000,-0.357
22-05-18 01:04,0.000,-0.490
22-05-18 01:05,0.000,-0.059
22-05-18 01:06,0.000,-0.033
22-05-18 01:07,0.000,-0.204
22-05-18 01:08,0.000,-0.315
22-05-18 01:09,0.000,-0.331
22-05-18 01:10,0.000,-0.145
22-05-18 01:11,0.000,-0.187
22-05-18 01:12,0.000,-0.050
22-05-18 01:13,0.000,-0.113
22-05-18 01:14,0.000,-0.189
22-05-18 01:15,0.000,-0.335
22-05-18 01:16,0.000,-0.122
22-05-18 01:17,0.000,-0.032
22-05-18 01:18,0.000,-0.228
22-05-18 01:19,0.000,-0.302
22-05-18 01:20,0.000,-0.316
22-05-18 01:21,0.000,-0.152
22-05-18 01:22,0.000,-0.029
22-05-18 01:23,0.000,-0.114
22-05-18 01:24,0.000,-0.166
22-05-18 01:25,0.000,-0.279
22-05-18 01:26,0.000,-0.146
22-05-18 01:27,0.000,-0.244
22-05-18 01:28,0.000,-0.179
22-05-18 01:29,0.000,-0.191
22-05-18 01:30,0.000,-0.001
22-05-18 01:31,0.000,-0.065
22-05-18 01:32,0.000,-0.242
22-05-18 01:33,0.000,-0.240
22-05-18 01:34,2.053,-0.066
22-05-18 01:35,3.241,-0.081
22-05-18 01:36,3.241,-0.147
22-05-18 01:37,3.219,-0.049
22-05-18 01:38,3.238,-0.220
22-05-18 01:39,3.233,-0.075
22-05-18 01:40,3.225,-0.048
22-05-18 01:41,3.221,-0.113
22-05-18 01:42,3.222,-0.311
22-05-18 01:43,3.221,-0.172
22-05-18 01:44,3.224,-0.168
22-05-18 01:45,3.226,-0.302
22-05-18 01:46,3.227,-0.283
22-05-18 01:47,3.225,-0.149
22-05-18 01:48,3.225,-0.108
22-05-18 01:49,3.229,-0.065
22-05-18 01:50,2.374,-0.082
22-05-18 01:51,1.182,-0.040
22-05-18 01:52,2.129,-0.118
22-05-18 01:53,2.117,-0.080
22-05-18 01:54,2.116,-0.209
22-05-18 01:55,2.118,-0.063
22-05-18 01:56,2.118,-0.135
22-05-18 01:57,2.122,-0.048
22-05-18 01:58,2.130,-0.002
22-05-18 01:59,2.124,-0.075
22-05-18 02:00,1.579,-0.011
22-05-18 02:01,0.000,-0.040
22-05-18 02:02,0.000,-0.165
22-05-18 02:03,0.000,-0.040
22-05-18 02:04,0.000,-0.029
22-05-18 02:05,0.000,-0.132
22-05-18 02:06,0.000,-0.015
22-05-18 02:07,0.000,-0.033
22-05-18 02:08,0.000,-0.074
22-05-18 02:09,0.000,-0.194
22-05-18 02:10,0.000,-0.102
22-05-18 02:11,0.000,-0.295
22-05-18 02:12,0.000,-0.356
22-05-18 02:13,0.000,-0.202
22-05-18 02:14,0.000,-0.228
22-05-18 02:15,0.000,-0.065
22-05-18 02:16,0.000,-0.207
22-05-18 02:17,0.000,-0.315
22-05-18 02:18,0.000,-0.260
22-05-18 02:19,0.000,-0.215
22-05-18 02:20,0.000,-0.385
22-05-18 02:21,0.000,-0.261
22-05-18 02:22,0.000,-0.021
22-05-18 02:23,0.000,-0.179
22-05-18 02:24,0.000,-0.367
22-05-18 02:25,0.000,-0.228
22-05-18 02:26,0.000,-0.423
22-05-18 02:27,0.000,-0.461
22-05-18 02:28,0.000,-0.024
22-05-18 02:29,0.000,-0.193
22-05-18 02:30,0.000,-0.167
22-05-18 02:31,0.000,-0.226
22-05-18 02:32,0.000,-0.272
22-05-18 02:33,0.000,-0.306
22-05-18 02:34,0.000,-0.008
22-05-18 02:35,0.000,-0.021
22-05-18 02:36,0.000,-0.034
22-05-18 02:37,0.000,-0.074
22-05-18 02:38,0.000,-0.083
22-05-18 02:39,0.000,-0.258
22-05-18 02:40,0.000,-0.371
22-05-18 02:41,0.000,-0.132
22-05-18 02:42,0.000,-0.053
22-05-18 02:43,0.000,-0.026
22-05-18 02:44,0.000,-0.069
22-05-18 02:45,0.000,-0.099
22-05-18 02:46,0.000,-0.178
22-05-18 02:47,0.202,-0.297
22-05-18 02:48,3.227,-0.111
22-05-18 02:49,3.227,-0.137
22-05-18 02:50,3.219,-0.186
22-05-18 02:51,3.222,-0.171
22-05-18 02:52,3.225,-0.162
22-05-18 02:53,3.226,-0.147
22-05-18 02:54,3.226,-0.327
22-05-18 02:55,3.217,-0.181
22-05-18 02:56,3.205,-0.303
22-05-18 02:57,3.195,-0.143
22-05-18 02:58,3.195,-0.078
22-05-18 02:59,3.195,-0.242
22-05-18 03:00,3.189,-0.136
22-05-18 03:01,3.183,-0.034
22-05-18 03:02,3.187,-0.200
22-05-18 03:03,3.186,-0.160
22-05-18 03:04,2.511,-0.114
22-05-18 03:05,0.000,-0.089
22-05-18 03:06,0.000,-0.100
22-05-18 03:07,0.000,-0.043
22-05-18 03:08,0.000,-0.144
22-05-18 03:09,0.000,-0.185
22-05-18 03:10,0.000,-0.257
22-05-18 03:11,0.000,-0.067
22-05-18 03:12,0.000,-0.017
22-05-18 03:13,0.000,-0.104
22-05-18 03:14,0.000,-0.209
22-05-18 03:15,0.000,-0.345
22-05-18 03:16,0.000,-0.008
22-05-18 03:17,0.000,-0.070
22-05-18 03:18,0.000,-0.101
22-05-18 03:19,0.000,-0.057
22-05-18 03:20,0.000,-0.207
22-05-18 03:21,0.000,-0.154
22-05-18 03:22,0.000,-0.075
22-05-18 03:23,0.000,-0.166
22-05-18 03:24,0.000,-0.082
22-05-18 03:25,0.000,-0.097
22-05-18 03:26,0.000,-0.185
22-05-18 03:27,0.000,-0.136
22-05-18 03:28,0.000,-0.014
22-05-18 03:29,0.000,-0.004
22-05-18 03:30,0.000,-0.054
22-05-18 03:31,0.000,-0.122
22-05-18 03:32,0.000,-0.241
22-05-18 03:33,0.000,-0.365
22-05-18 03:34,0.000,-0.124
22-05-18 03:35,0.000,-0.037
22-05-18 03:36,0.000,-0.060
22-05-18 03:37,0.000,-0.052
22-05-18 03:38,0.000,-0.148
22-05-18 03:39,0.000,-0.209
22-05-18 03:40,0.000,-0.147
22-05-18 03:41,0.000,-0.087
22-05-18 03:42,0.000,-0.091
22-05-18 03:43,0.000,-0.113
22-05-18 03:44,0.000,-0.303
22-05-18 03:45,0.000,-0.260
22-05-18 03:46,0.000,-0.097
22-05-18 03:47,0.000,-0.049
22-05-18 03:48,0.000,-0.196
22-05-18 03:49,0.000,-0.190
22-05-18 03:50,0.000,-0.239
22-05-18 03:51,0.000,-0.063
22-05-18 03:52,0.000,-0.130
22-05-18 03:53,0.000,-0.179
22-05-18 03:54,0.000,-0.199
22-05-18 03:55,0.000,-0.318
22-05-18 03:56,0.000,-0.253
22-05-18 03:57,0.000,-0.100
22-05-18 03:58,0.000,-0.060
22-05-18 03:59,0.000,-0.209
22-05-18 04:00,0.000,-0.279
22-05-18 04:01,0.000,-0.023
22-05-18 04:02,0.000,-0.035
22-05-18 04:03,0.000,-0.012
22-05-18 04:04,0.000,-0.055
22-05-18 04:05,0.000,-0.126
22-05-18 04:06,0.000,-0.302
22-05-18 04:07,0.000,-0.034
22-05-18 04:08,0.000,-0.119
22-05-18 04:09,0.000,-0.197
22-05-18 04:10,0.000,-0.017
22-05-18 04:11,0.000,-0.212
22-05-18 04:12,0.000,-0.018
22-05-18 04:13,0.000,-0.106
22-05-18 04:14,1.475,-0.136
22-05-18 04:15,3.207,-0.115
22-05-18 04:16,3.206,-0.241
22-05-18 04:17,3.210,-0.182
22-05-18 04:18,3.213,-0.319
22-05-18 04:19,3.212,-0.264
22-05-18 04:20,3.211,-0.169
22-05-18 04:21,3.222,-0.183
22-05-18 04:22,3.228,-0.034
22-05-18 04:23,3.227,-0.096
22-05-18 04:24,3.226,-0.225
22-05-18 04:25,3.228,-0.366
22-05-18 04:26,3.227,-0.070
22-05-18 04:27,3.226,-0.236
22-05-18 04:28,4.109,-0.418
22-05-18 04:29,5.250,-0.047
22-05-18 04:30,5.256,-0.056
22-05-18 04:31,4.449,-0.110
22-05-18 04:32,2.142,-0.279
22-05-18 04:33,2.144,-0.043
22-05-18 04:34,2.147,-0.154
22-05-18 04:35,2.144,-0.348
22-05-18 04:36,2.146,-0.125
22-05-18 04:37,2.113,-0.190
22-05-18 04:38,0.000,-0.081
22-05-18 04:39,0.000,-0.153
22-05-18 04:40,0.000,-0.219
22-05-18 04:41,0.000,-0.017
22-05-18 04:42,0.000,-0.115
22-05-18 04:43,0.000,-0.037
22-05-18 04:44,0.000,-0.102
22-05-18 04:45,0.000,-0.262
22-05-18 04:46,0.000,-0.289
22-05-18 04:47,0.000,-0.270
22-05-18 04:48,0.000,-0.092
22-05-18 04:49,0.000,-0.249
22-05-18 04:50,0.000,-0.135
22-05-18 04:51,0.000,-0.317
22-05-18 04:52,0.000,-0.279
22-05-18 04:53,0.000,-0.412
22-05-18 04:54,0.000,-0.188
22-05-18 04:55,0.000,-0.005
22-05-18 04:56,0.000,-0.026
22-05-18 04:57,0.000,-0.014
22-05-18 04:58,0.000,-0.099
22-05-18 04:59,0.000,-0.283
22-05-18 05:00,0.000,-0.106
22-05-18 05:01,0.000,-0.233
22-05-18 05:02,0.000,-0.398
22-05-18 05:03,0.000,-0.374
22-05-18 05:04,0.000,-0.091
22-05-18 05:05,0.000,-0.155
22-05-18 05:06,0.000,-0.081
22-05-18 05:07,0.000,-0.110
22-05-18 05:08,0.000,-0.053
22-05-18 05:09,0.000,-0.070
22-05-18 05:10,0.000,-0.244
22-05-18 05:11,0.000,-0.311
22-05-18 05:12,0.000,-0.415
22-05-18 05:13,0.000,-0.423
22-05-18 05:14,0.000,-0.299
22-05-18 05:15,0.000,-0.178
22-05-18 05:16,0.000,-0.288
22-05-18 05:17,0.000,-0.350
22-05-18 05:18,0.000,-0.224
22-05-18 05:19,0.000,-0.207
22-05-18 05:20,0.000,-0.369
22-05-18 05:21,0.000,-0.090
22-05-18 05:22,0.000,-0.251
22-05-18 05:23,0.000,-0.217
22-05-18 05:24,0.000,-0.236
22-05-18 05:25,0.000,-0.227
22-05-18 05:26,0.000,-0.142
22-05-18 05:27,0.000,-0.256
22-05-18 05:28,0.000,-0.153
22-05-18 05:29,0.000,-0.172
22-05-18 05:30,0.000,-0.031
22-05-18 05:31,0.000,-0.160
22-05-18 05:32,0.000,-0.086
22-05-18 05:33,0.000,-0.069
22-05-18 05:34,0.000,-0.264
22-05-18 05:35,0.000,-0.208
22-05-18 05:36,2.031,-0.371
22-05-18 05:37,3.462,-0.516
22-05-18 05:38,3.462,-0.621
22-05-18 05:39,3.463,-0.753
22-05-18 05:40,3.466,-0.853
22-05-18 05:41,3.469,-0.528
22-05-18 05:42,3.469,-0.644
22-05-18 05:43,3.473,-0.153
22-05-18 05:44,3.464,-0.194
22-05-18 05:45,3.466,-0.048
22-05-18 05:46,3.472,-0.011
22-05-18 05:47,3.477,-0.024
22-05-18 05:48,3.478,-0.082
22-05-18 05:49,3.476,-0.205
22-05-18 05:50,3.475,-0.258
22-05-18 05:51,0.841,-0.068
22-05-18 05:52,0.000,-0.087
22-05-18 05:53,0.000,-0.095
22-05-18 05:54,0.000,-0.237
22-05-18 05:55,0.000,-0.280
22-05-18 05:56,0.000,-0.022
22-05-18 05:57,0.000,-0.034
22-05-18 05:58,0.000,-0.169
22-05-18 05:59,0.000,-0.246
22-05-18 06:00,0.000,-0.095
22-05-18 06:01,0.000,-0.288
22-05-18 06:02,0.000,-0.399
22-05-18 06:03,0.000,-0.361
22-05-18 06:04,0.000,-0.324
22-05-18 06:05,0.000,-0.415
22-05-18 06:06,0.000,-0.437
22-05-18 06:07,0.000,-0.013
22-05-18 06:08,0.000,-0.144
22-05-18 06:09,0.000,-0.303
22-05-18 06:10,0.000,-0.146
22-05-18 06:11,0.000,-0.325
22-05-18 06:12,0.000,-0.475
22-05-18 06:13,0.000,-0.166
22-05-18 06:14,0.000,-0.120
22-05-18 06:15,0.000,-0.236
22-05-18 06:16,0.000,-0.053
22-05-18 06:17,0.000,-0.178
22-05-18 06:18,0.000,-0.043
22-05-18 06:19,0.000,-0.152
22-05-18 06:20,0.000,-0.189
22-05-18 06:21,0.000,-0.008
22-05-18 06:22,0.000,-0.067
22-05-18 06:23,0.000,-0.063
22-05-18 06:24,0.000,-0.177
22-05-18 06:25,0.000,-0.204
22-05-18 06:26,0.000,-0.374
22-05-18 06:27,0.000,-0.276
22-05-18 06:28,0.000,-0.401
22-05-18 06:29,0.000,-0.541
22-05-18 06:30,0.000,-0.703
22-05-18 06:31,0.000,-0.718
22-05-18 06:32,0.000,-0.341
22-05-18 06:33,0.000,-0.513
22-05-18 06:34,0.000,-0.501
22-05-18 06:35,0.000,-0.126
22-05-18 06:36,0.000,-0.245
22-05-18 06:37,0.000,-0.306
22-05-18 06:38,0.000,-0.219
22-05-18 06:39,0.000,-0.111
22-05-18 06:40,0.000,-0.187
22-05-18 06:41,0.000,-0.047
22-05-18 06:42,0.000,-0.111
22-05-18 06:43,0.000,-0.229
22-05-18 06:44,0.000,-0.344
22-05-18 06:45,0.000,-0.071
22-05-18 06:46,0.000,-0.050
22-05-18 06:47,0.000,-0.239
22-05-18 06:48,0.000,-0.419
22-05-18 06:49,0.000,-0.334
22-05-18 06:50,0.057,-0.056
22-05-18 06:51,3.388,-0.119
22-05-18 06:52,3.376,-0.071
22-05-18 06:53,3.383,-0.200
22-05-18 06:54,3.387,-0.354
22-05-18 06:55,3.384,-0.063
22-05-18 06:56,3.382,-0.114
22-05-18 06:57,3.382,-0.264
22-05-18 06:58,3.376,-0.203
22-05-18 06:59,3.376,-0.389
22-05-18 07:00,3.380,-0.436
22-05-18 07:01,3.379,-0.386
22-05-18 07:02,3.370,-0.006
22-05-18 07:03,3.332,-0.007
22-05-18 07:04,3.332,-0.162
22-05-18 07:05,3.330,-0.354
22-05-18 07:06,3.332,-0.095
22-05-18 07:07,2.655,-0.041
22-05-18 07:08,0.000,-0.192
22-05-18 07:09,0.000,-0.235
22-05-18 07:10,0.000,-0.001
22-05-18 07:11,0.000,-0.041
22-05-18 07:12,0.000,-0.231
22-05-18 07:13,0.000,-0.392
22-05-18 07:14,0.000,-0.412
22-05-18 07:15,0.000,-0.063
22-05-18 07:16,0.000,-0.057
22-05-18 07:17,0.000,-0.076
22-05-18 07:18,0.000,-0.181
22-05-18 07:19,0.000,-0.243
22-05-18 07:20,0.000,-0.401
22-05-18 07:21,0.000,-0.075
22-05-18 07:22,0.000,-0.226
22-05-18 07:23,0.000,-0.158
22-05-18 07:24,0.000,-0.065
22-05-18 07:25,0.000,-0.071
22-05-18 07:26,0.000,-0.143
22-05-18 07:27,0.000,-0.108
22-05-18 07:28,0.000,-0.226
22-05-18 07:29,0.000,-0.142
22-05-18 07:30,0.000,-0.261
22-05-18 07:31,0.000,-0.376
22-05-18 07:32,0.000,-0.052
22-05-18 07:33,0.000,-0.059
22-05-18 07:34,0.000,-0.013
22-05-18 07:35,0.000,-0.067
22-05-18 07:36,0.000,-0.098
22-05-18 07:37,0.000,-0.187
22-05-18 07:38,0.000,-0.061
22-05-18 07:39,0.000,-0.213
22-05-18 07:40,0.000,-0.331
22-05-18 07:41,0.000,-0.143
22-05-18 07:42,0.000,-0.007
22-05-18 07:43,0.000,-0.149
22-05-18 07:44,0.000,-0.289
22-05-18 07:45,0.000,-0.053
22-05-18 07:46,0.000,-0.168
22-05-18 07:47,0.000,-0.217
22-05-18 07:48,0.000,-0.312
22-05-18 07:49,0.000,-0.511
22-05-18 07:50,0.000,-0.527
22-05-18 07:51,0.000,-0.204
22-05-18 07:52,0.000,-0.233
22-05-18 07:53,0.000,-0.099
22-05-18 07:54,0.000,-0.287
22-05-18 07:55,0.000,-0.091
22-05-18 07:56,1.545,-0.180
22-05-18 07:57,2.152,-0.149
22-05-18 07:58,2.148,-0.211
22-05-18 07:59,2.150,-0.244
22-05-18 08:00,2.155,-6.444
22-05-18 08:01,2.156,-5.578
22-05-18 08:02,2.153,-4.761
22-05-18 08:03,2.149,-4.229
22-05-18 08:04,2.151,-4.504
22-05-18 08:05,2.147,-4.429
22-05-18 08:06,2.156,-5.062
22-05-18 08:07,0.324,-4.889
22-05-18 08:08,0.000,-4.393
22-05-18 08:09,1.375,-4.197
22-05-18 08:10,3.449,-4.302
22-05-18 08:11,3.454,-3.842
22-05-18 08:12,3.453,-2.963
22-05-18 08:13,3.449,-2.290
22-05-18 08:14,3.448,-2.127
22-05-18 08:15,3.451,-1.152
22-05-18 08:16,3.451,-1.286
22-05-18 08:17,3.448,-1.217
22-05-18 08:18,3.445,-1.426
22-05-18 08:19,3.442,-2.009
22-05-18 08:20,3.426,-2.262
22-05-18 08:21,3.435,-3.070
22-05-18 08:22,3.457,-2.790
22-05-18 08:23,3.452,-2.274
22-05-18 08:24,3.447,-1.588
22-05-18 08:25,1.552,-2.495
22-05-18 08:26,0.000,-2.544
22-05-18 08:27,0.000,-2.333
22-05-18 08:28,0.000,-1.509
22-05-18 08:29,0.000,-1.425
22-05-18 08:30,0.000,-2.185
22-05-18 08:31,0.000,-1.232
22-05-18 08:32,0.000,-1.903
22-05-18 08:33,0.000,-2.825
22-05-18 08:34,0.000,-2.230
22-05-18 08:35,0.000,-1.680
22-05-18 08:36,0.000,-1.879
22-05-18 08:37,0.000,-1.440
22-05-18 08:38,0.000,-1.402
22-05-18 08:39,0.000,-1.590
22-05-18 08:40,0.000,-0.712
22-05-18 08:41,0.000,-0.509
22-05-18 08:42,0.000,-0.737
22-05-18 08:43,0.000,-1.541
22-05-18 08:44,0.000,-0.560
22-05-18 08:45,0.000,-0.168
22-05-18 08:46,0.000,-0.159
22-05-18 08:47,0.000,-0.705
22-05-18 08:48,0.000,-1.443
22-05-18 08:49,0.000,-0.456
22-05-18 08:50,0.000,-1.249
22-05-18 08:51,0.000,-2.210
22-05-18 08:52,0.000,-1.946
22-05-18 08:53,0.000,-1.577
22-05-18 08:54,0.000,-1.693
22-05-18 08:55,0.000,-0.934
22-05-18 08:56,0.000,-1.427
22-05-18 08:57,0.000,-2.116
22-05-18 08:58,0.000,-2.460
22-05-18 08:59,0.000,-3.348
22-05-18 09:00,0.000,-3.262
22-05-18 09:01,0.000,-3.619
22-05-18 09:02,0.000,-3.040
22-05-18 09:03,0.000,-2.484
22-05-18 09:04,0.000,-1.785
22-05-18 09:05,0.000,-1.638
22-05-18 09:06,0.000,-0.942
22-05-18 09:07,0.000,-1.100
22-05-18 09:08,0.000,-0.319
22-05-18 09:09,0.000,-0.994
22-05-18 09:10,0.000,-1.264
22-05-18 09:11,0.000,-1.182
22-05-18 09:12,0.000,-0.746
22-05-18 09:13,0.000,-0.361
22-05-18 09:14,0.193,-0.262
22-05-18 09:15,3.534,-0.963
22-05-18 09:16,3.532,-0.320
22-05-18 09:17,3.528,-0.714
22-05-18 09:18,3.524,-0.185
22-05-18 09:19,3.524,-0.281
22-05-18 09:20,3.521,-0.476
22-05-18 09:21,3.523,-1.387
22-05-18 09:22,3.526,-1.534
22-05-18 09:23,3.526,-2.017
22-05-18 09:24,3.526,-2.788
22-05-18 09:25,3.519,-1.977
22-05-18 09:26,3.517,-1.272
22-05-18 09:27,3.512,-1.211
22-05-18 09:28,3.508,-0.734
22-05-18 09:29,3.504,-1.331
22-05-18 09:30,1.314,-0.348
22-05-18 09:31,0.000,-0.934
22-05-18 09:32,0.000,-0.432
22-05-18 09:33,0.000,-1.071
22-05-18 09:34,0.000,-0.434
22-05-18 09:35,0.000,-0.072
22-05-18 09:36,0.000,-0.022
22-05-18 09:37,0.000,-1.018
22-05-18 09:38,0.000,-1.601
22-05-18 09:39,0.000,-0.643
22-05-18 09:40,0.000,-0.169
22-05-18 09:41,0.000,-0.543
22-05-18 09:42,0.000,-1.524
22-05-18 09:43,0.000,-1.178
22-05-18 09:44,0.000,-0.250
22-05-18 09:45,0.000,-0.920
22-05-18 09:46,0.000,-0.148
22-05-18 09:47,0.000,-0.307
22-05-18 09:48,0.000,-0.725
22-05-18 09:49,0.000,-0.439
22-05-18 09:50,0.000,-0.710
22-05-18 09:51,0.000,-1.476
22-05-18 09:52,0.000,-0.606
22-05-18 09:53,0.000,-0.320
22-05-18 09:54,0.000,-0.633
22-05-18 09:55,0.000,-0.612
22-05-18 09:56,0.000,-0.867
22-05-18 09:57,0.000,-0.932
22-05-18 09:58,0.000,-0.759
22-05-18 09:59,0.000,-0.955
22-05-18 10:00,0.000,-1.756
22-05-18 10:01,0.000,-2.054
22-05-18 10:02,0.000,-2.490
22-05-18 10:03,0.000,-1.882
22-05-18 10:04,0.000,-2.187
22-05-18 10:05,0.000,-1.235
22-05-18 10:06,0.000,-2.033
22-05-18 10:07,0.000,-2.940
22-05-18 10:08,0.000,-2.014
22-05-18 10:09,0.000,-2.506
22-05-18 10:10,0.000,-2.177
22-05-18 10:11,0.000,-2.072
22-05-18 10:12,0.000,-1.961
22-05-18 10:13,0.000,-2.904
22-05-18 10:14,2.077,-3.239
22-05-18 10:15,2.174,-3.761
22-05-18 10:16,2.171,-3.941
22-05-18 10:17,2.183,-3.759
22-05-18 10:18,2.185,-4.242
22-05-18 10:19,2.184,-5.225
22-05-18 10:20,2.185,-5.163
22-05-18 10:21,2.187,-4.257
22-05-18 10:22,2.184,-3.653
22-05-18 10:23,1.383,-4.054
22-05-18 10:24,0.000,-4.986
22-05-18 10:25,0.000,-5.136
22-05-18 10:26,0.000,-5.812
22-05-18 10:27,0.000,-5.613
22-05-18 10:28,0.000,-6.083
22-05-18 10:29,0.000,-6.886
22-05-18 10:30,0.000,-7.834
22-05-18 10:31,0.000,-8.082
22-05-18 10:32,0.000,-7.612
22-05-18 10:33,0.000,-7.268
22-05-18 10:34,0.000,-8.247
22-05-18 10:35,0.000,-7.950
22-05-18 10:36,0.000,-7.417
22-05-18 10:37,0.000,-7.787
22-05-18 10:38,0.394,-7.963
22-05-18 10:39,3.537,-7.368
22-05-18 10:40,3.535,-6.700
22-05-18 10:41,3.531,-5.787
22-05-18 10:42,3.523,-6.718
22-05-18 10:43,3.520,-6.970
22-05-18 10:44,3.513,-7.295
22-05-18 10:45,3.513,-7.209
22-05-18 10:46,3.511,-7.849
22-05-18 10:47,3.512,-8.437
22-05-18 10:48,3.509,-8.876
22-05-18 10:49,3.506,-8.572
22-05-18 10:50,3.502,-8.917
22-05-18 10:51,3.478,-8.498
22-05-18 10:52,3.493,-7.517
22-05-18 10:53,3.492,-8.343
22-05-18 10:54,2.196,-7.863
22-05-18 10:55,0.000,-8.744
22-05-18 10:56,0.000,-7.791
22-05-18 10:57,0.000,-7.467
22-05-18 10:58,0.000,-7.985
22-05-18 10:59,0.000,-8.002
22-05-18 11:00,0.000,-8.973
22-05-18 11:01,0.000,-8.681
22-05-18 11:02,0.000,-8.401
22-05-18 11:03,0.000,-8.980
22-05-18 11:04,0.000,-8.108
22-05-18 11:05,0.000,-8.246
22-05-18 11:06,0.000,-7.469
22-05-18 11:07,0.000,-7.135
22-05-18 11:08,0.000,-6.290
22-05-18 11:09,0.000,-6.797
22-05-18 11:10,0.000,-6.144
22-05-18 11:11,0.000,-5.346
22-05-18 11:12,0.000,-5.277
22-05-18 11:13,0.000,-5.698
22-05-18 11:14,0.000,-5.908
22-05-18 11:15,0.000,-5.779
22-05-18 11:16,0.000,-6.647
22-05-18 11:17,0.000,-7.232
22-05-18 11:18,0.000,-7.124
22-05-18 11:19,0.000,-7.354
22-05-18 11:20,0.000,-7.419
22-05-18 11:21,0.000,-7.982
22-05-18 11:22,0.000,-7.636
22-05-18 11:23,0.000,-7.037
22-05-18 11:24,0.000,-6.834
22-05-18 11:25,0.000,-6.233
22-05-18 11:26,0.000,-6.960
22-05-18 11:27,0.000,-6.188
22-05-18 11:28,0.000,-6.651
22-05-18 11:29,0.000,-7.486
22-05-18 11:30,0.000,-6.885
22-05-18 11:31,0.000,-7.247
22-05-18 11:32,0.000,-7.819
22-05-18 11:33,0.000,-8.492
22-05-18 11:34,0.000,-7.854
22-05-18 11:35,0.000,-7.062
22-05-18 11:36,0.000,-7.734
22-05-18 11:37,0.000,-7.377
22-05-18 11:38,0.000,-6.774
22-05-18 11:39,0.000,-6.560
22-05-18 11:40,0.000,-6.420
22-05-18 11:41,0.000,-5.776
22-05-18 11:42,0.000,-5.471
22-05-18 11:43,0.000,-5.722
22-05-18 11:44,1.290,-6.316
22-05-18 11:45,3.514,-6.587
22-05-18 11:46,3.516,-7.057
22-05-18 11:47,3.510,-6.968
22-05-18 11:48,3.510,-6.913
22-05-18 11:49,3.505,-6.726
22-05-18 11:50,3.504,-6.780
22-05-18 11:51,3.510,-7.000
22-05-18 11:52,3.510,-6.477
22-05-18 11:53,3.517,-6.457
22-05-18 11:54,3.520,-7.054
22-05-18 11:55,3.523,-7.675
22-05-18 11:56,3.487,-7.153
22-05-18 11:57,3.487,-7.420
22-05-18 11:58,3.481,-6.755
22-05-18 11:59,1.982,-6.558
22-05-18 12:00,0.000,-6.163
22-05-18 12:01,0.000,-5.387
22-05-18 12:02,0.000,-6.074
22-05-18 12:03,0.000,-6.654
22-05-18 12:04,0.000,-6.470
22-05-18 12:05,0.000,-6.523
22-05-18 12:06,0.000,-7.442
22-05-18 12:07,0.000,-6.931
22-05-18 12:08,0.000,-6.997
22-05-18 12:09,0.000,-7.548
22-05-18 12:10,0.000,-8.473
22-05-18 12:11,0.000,-8.563
22-05-18 12:12,0.000,-8.904
22-05-18 12:13,0.000,-8.578
22-05-18 12:14,0.000,-8.743
22-05-18 12:15,0.650,-8.907
22-05-18 12:16,2.155,-8.270
22-05-18 12:17,2.169,-7.804
22-05-18 12:18,2.172,-7.357
22-05-18 12:19,2.170,-6.693
22-05-18 12:20,2.161,-6.639
22-05-18 12:21,2.161,-5.708
22-05-18 12:22,2.162,-6.500
22-05-18 12:23,2.161,-7.362
22-05-18 12:24,2.159,-6.582
22-05-18 12:25,2.161,-5.636
22-05-18 12:26,1.479,-5.054
22-05-18 12:27,0.000,-5.833
22-05-18 12:28,0.000,-5.835
22-05-18 12:29,0.000,-6.228
22-05-18 12:30,0.000,-5.750
22-05-18 12:31,0.000,-5.203
22-05-18 12:32,0.000,-4.501
22-05-18 12:33,0.000,-4.250
22-05-18 12:34,0.000,-4.854
22-05-18 12:35,0.000,-4.762
22-05-18 12:36,0.000,-4.477
22-05-18 12:37,0.000,-4.975
22-05-18 12:38,0.000,-4.379
22-05-18 12:39,0.000,-4.636
22-05-18 12:40,0.000,-3.687
22-05-18 12:41,0.306,-4.007
22-05-18 12:42,3.494,-4.919
22-05-18 12:43,3.484,-4.974
22-05-18 12:44,3.486,-4.628
22-05-18 12:45,3.492,-4.927
22-05-18 12:46,3.487,-5.815
22-05-18 12:47,3.487,-5.702
22-05-18 12:48,3.494,-5.809
22-05-18 12:49,3.488,-5.414
22-05-18 12:50,3.498,-6.133
22-05-18 12:51,3.511,-7.109
22-05-18 12:52,3.527,-7.034
22-05-18 12:53,3.535,-7.243
22-05-18 12:54,3.541,-7.302
22-05-18 12:55,3.542,-8.132
22-05-18 12:56,3.535,-8.566
22-05-18 12:57,3.536,-8.393
22-05-18 12:58,0.372,-7.550
22-05-18 12:59,0.000,-7.277
22-05-18 13:00,0.000,-7.051
22-05-18 13:01,0.000,-8.033
22-05-18 13:02,0.000,-8.968
22-05-18 13:03,0.000,-8.855
22-05-18 13:04,0.000,-7.962
22-05-18 13:05,0.000,-8.260
22-05-18 13:06,0.000,-7.888
22-05-18 13:07,0.000,-7.558
22-05-18 13:08,0.000,-7.151
22-05-18 13:09,0.000,-7.703
22-05-18 13:10,0.000,-6.968
22-05-18 13:11,0.000,-6.423
22-05-18 13:12,0.000,-5.880
22-05-18 13:13,0.000,-6.821
22-05-18 13:14,0.000,-6.324
22-05-18 13:15,0.000,-6.802
22-05-18 13:16,0.000,-6.247
22-05-18 13:17,0.000,-5.540
22-05-18 13:18,0.000,-4.594
22-05-18 13:19,0.000,-5.363
22-05-18 13:20,0.000,-4.897
22-05-18 13:21,0.000,-5.092
22-05-18 13:22,0.000,-5.985
22-05-18 13:23,0.000,-5.488
22-05-18 13:24,0.000,-6.351
22-05-18 13:25,1.814,-5.989
22-05-18 13:26,2.025,-6.958
22-05-18 13:27,2.019,-6.771
22-05-18 13:28,2.056,-7.387
22-05-18 13:29,2.150,-7.065
22-05-18 13:30,2.144,-6.643
22-05-18 13:31,2.132,-5.858
22-05-18 13:32,2.889,-6.212
22-05-18 13:33,5.465,-7.040
22-05-18 13:34,5.474,-7.284
22-05-18 13:35,5.461,-6.313
22-05-18 13:36,5.488,-6.394
22-05-18 13:37,3.721,-5.947
22-05-18 13:38,3.514,-5.441
22-05-18 13:39,3.356,-5.303
22-05-18 13:40,3.364,-4.512
22-05-18 13:41,3.373,-4.698
22-05-18 13:42,3.381,-4.644
22-05-18 13:43,3.373,-4.546
22-05-18 13:44,3.375,-4.929
22-05-18 13:45,3.499,-4.633
22-05-18 13:46,3.392,-3.958
22-05-18 13:47,3.508,-3.179
22-05-18 13:48,3.528,-4.091
22-05-18 13:49,3.357,-3.466
22-05-18 13:50,3.421,-3.116
22-05-18 13:51,2.701,-2.478
22-05-18 13:52,0.000,-2.650
22-05-18 13:53,0.000,-2.792
22-05-18 13:54,0.000,-3.683
22-05-18 13:55,0.000,-3.591
22-05-18 13:56,0.000,-3.316
22-05-18 13:57,0.000,-3.261
22-05-18 13:58,0.000,-2.676
22-05-18 13:59,0.000,-3.364
22-05-18 14:00,0.000,-3.170
22-05-18 14:01,0.000,-3.571
22-05-18 14:02,0.000,-3.189
22-05-18 14:03,0.000,-3.886
22-05-18 14:04,0.000,-4.650
22-05-18 14:05,0.000,-4.760
22-05-18 14:06,0.000,-3.866
22-05-18 14:07,0.000,-3.958
22-05-18 14:08,0.000,-3.021
22-05-18 14:09,0.000,-3.151
22-05-18 14:10,0.000,-3.965
22-05-18 14:11,0.000,-2.999
22-05-18 14:12,0.000,-2.385
22-05-18 14:13,0.000,-1.585
22-05-18 14:14,0.000,-0.775
22-05-18 14:15,0.000,-1.736
22-05-18 14:16,0.000,-0.937
22-05-18 14:17,0.000,-0.562
22-05-18 14:18,0.000,-1.200
22-05-18 14:19,0.000,-0.421
22-05-18 14:20,0.000,-0.306
22-05-18 14:21,0.000,-1.033
22-05-18 14:22,0.000,-0.773
22-05-18 14:23,0.000,-0.138
22-05-18 14:24,0.000,-0.476
22-05-18 14:25,0.000,-1.310
22-05-18 14:26,0.000,-1.476
22-05-18 14:27,0.000,-0.605
22-05-18 14:28,0.000,-0.612
22-05-18 14:29,0.604,-1.286
22-05-18 14:30,3.124,-1.351
22-05-18 14:31,3.194,-0.372
22-05-18 14:32,3.423,-1.233
22-05-18 14:33,3.434,-0.947
22-05-18 14:34,3.488,-1.482
22-05-18 14:35,3.476,-2.345
22-05-18 14:36,3.335,-1.415
22-05-18 14:37,3.316,-0.582
22-05-18 14:38,3.323,-0.121
22-05-18 14:39,3.362,-0.820
22-05-18 14:40,3.350,-0.653
22-05-18 14:41,3.341,-0.604
22-05-18 14:42,3.335,-1.374
22-05-18 14:43,3.325,-1.192
22-05-18 14:44,3.330,-1.028
22-05-18 14:45,3.412,-1.150
22-05-18 14:46,2.206,-1.596
22-05-18 14:47,0.000,-1.661
22-05-18 14:48,0.000,-2.460
22-05-18 14:49,0.000,-2.509
22-05-18 14:50,0.000,-1.811
22-05-18 14:51,0.000,-1.682
22-05-18 14:52,0.000,-1.652
22-05-18 14:53,0.000,-1.718
22-05-18 14:54,0.000,-1.880
22-05-18 14:55,0.000,-1.911
22-05-18 14:56,1.055,-2.471
22-05-18 14:57,2.150,-1.926
22-05-18 14:58,2.129,-2.808
22-05-18 14:59,2.147,-1.846
22-05-18 15:00,2.129,-1.493
22-05-18 15:01,2.120,-2.109
22-05-18 15:02,2.129,-2.269
22-05-18 15:03,2.126,-2.313
22-05-18 15:04,2.139,-2.553
22-05-18 15:05,2.123,-2.275
22-05-18 15:06,2.114,-1.839
22-05-18 15:07,2.120,-1.659
22-05-18 15:08,2.130,-1.673
22-05-18 15:09,2.126,-1.171
22-05-18 15:10,2.131,-0.786
22-05-18 15:11,1.687,-0.147
22-05-18 15:12,0.000,-0.539
22-05-18 15:13,0.000,-0.618
22-05-18 15:14,2.781,-0.324
22-05-18 15:15,3.237,-0.486
22-05-18 15:16,3.274,-0.613
22-05-18 15:17,3.290,-0.867
22-05-18 15:18,3.299,-1.217
22-05-18 15:19,3.239,-0.485
22-05-18 15:20,3.238,-0.239
22-05-18 15:21,3.249,-0.290
22-05-18 15:22,3.160,-0.890
22-05-18 15:23,3.317,-1.002
22-05-18 15:24,3.473,-0.099
22-05-18 15:25,3.572,-0.346
22-05-18 15:26,3.493,-0.616
22-05-18 15:27,3.475,-0.544
22-05-18 15:28,3.456,-0.572
22-05-18 15:29,3.381,-0.428
22-05-18 15:30,3.247,-0.933
22-05-18 15:31,3.279,-1.651
22-05-18 15:32,3.285,-0.783
22-05-18 15:33,2.566,-0.440
22-05-18 15:34,0.000,-1.122
22-05-18 15:35,0.000,-0.401
22-05-18 15:36,0.000,-1.100
22-05-18 15:37,0.000,-1.780
22-05-18 15:38,0.000,-2.518
22-05-18 15:39,0.000,-2.468
22-05-18 15:40,0.000,-2.781
22-05-18 15:41,0.000,-2.862
22-05-18 15:42,0.000,-3.525
22-05-18 15:43,0.000,-3.485
22-05-18 15:44,0.000,-4.241
22-05-18 15:45,0.000,-3.375
22-05-18 15:46,0.000,-4.252
22-05-18 15:47,0.000,-4.324
22-05-18 15:48,0.000,-4.083
22-05-18 15:49,0.000,-4.083
22-05-18 15:50,0.000,-3.590
22-05-18 15:51,0.000,-4.475
22-05-18 15:52,0.000,-4.396
22-05-18 15:53,0.000,-4.602
22-05-18 15:54,0.000,-3.729
22-05-18 15:55,0.000,-3.237
22-05-18 15:56,0.000,-2.882
22-05-18 15:57,0.000,-1.932
22-05-18 15:58,0.000,-1.226
22-05-18 15:59,0.000,-1.673
22-05-18 16:00,0.000,-1.056
22-05-18 16:01,0.000,-1.308
22-05-18 16:02,0.000,-0.656
22-05-18 16:03,0.000,-0.151
22-05-18 16:04,0.000,-0.101
22-05-18 16:05,0.000,-0.472
22-05-18 16:06,0.000,-0.285
22-05-18 16:07,0.000,-0.229
22-05-18 16:08,0.000,-0.288
22-05-18 16:09,0.000,-1.283
22-05-18 16:10,2.751,-0.413
22-05-18 16:11,3.297,-0.101
22-05-18 16:12,3.300,-0.988
22-05-18 16:13,3.298,-0.814
22-05-18 16:14,3.299,-1.505
22-05-18 16:15,3.263,-1.765
22-05-18 16:16,3.252,-1.812
22-05-18 16:17,3.247,-1.917
22-05-18 16:18,3.247,-2.727
22-05-18 16:19,3.245,-2.605
22-05-18 16:20,3.251,-1.645
22-05-18 16:21,3.253,-1.653
22-05-18 16:22,3.257,-1.863
22-05-18 16:23,3.255,-1.825
22-05-18 16:24,3.258,-2.071
22-05-18 16:25,3.289,-1.977
22-05-18 16:26,3.932,-1.409
22-05-18 16:27,3.016,-1.048
22-05-18 16:28,2.138,-1.347
22-05-18 16:29,2.152,-1.886
22-05-18 16:30,2.132,-2.420
22-05-18 16:31,2.143,-2.729
22-05-18 16:32,2.159,-1.993
22-05-18 16:33,2.154,-2.031
22-05-18 16:34,2.142,-2.865
22-05-18 16:35,1.441,-1.990
22-05-18 16:36,0.000,-1.381
22-05-18 16:37,0.000,-2.302
22-05-18 16:38,0.000,-3.235
22-05-18 16:39,0.000,-4.094
22-05-18 16:40,0.000,-4.506
22-05-18 16:41,0.000,-4.763
22-05-18 16:42,0.000,-3.947
22-05-18 16:43,0.000,-3.799
22-05-18 16:44,0.000,-3.279
22-05-18 16:45,0.000,-3.242
22-05-18 16:46,0.000,-3.583
22-05-18 16:47,0.000,-3.049
22-05-18 16:48,0.000,-2.189
22-05-18 16:49,0.000,-2.472
22-05-18 16:50,0.000,-2.452
22-05-18 16:51,0.000,-1.514
22-05-18 16:52,0.000,-1.937
22-05-18 16:53,0.000,-1.807
22-05-18 16:54,0.000,-2.029
22-05-18 16:55,0.000,-2.928
22-05-18 16:56,0.000,-2.256
22-05-18 16:57,0.000,-1.772
22-05-18 16:58,0.000,-1.957
22-05-18 16:59,0.000,-2.024
22-05-18 17:00,0.000,-2.040
22-05-18 17:01,0.000,-2.748
22-05-18 17:02,0.000,-3.344
22-05-18 17:03,0.000,-3.093
22-05-18 17:04,0.000,-4.090
22-05-18 17:05,0.000,-3.284
22-05-18 17:06,0.000,-2.324
22-05-18 17:07,0.000,-2.874
22-05-18 17:08,0.000,-3.485
22-05-18 17:09,0.000,-2.535
22-05-18 17:10,0.000,-2.737
22-05-18 17:11,2.183,-2.675
22-05-18 17:12,3.272,-2.555
22-05-18 17:13,3.281,-2.861
22-05-18 17:14,3.282,-2.898
22-05-18 17:15,3.294,-3.637
22-05-18 17:16,3.305,-4.259
22-05-18 17:17,3.329,-3.633
22-05-18 17:18,3.335,-3.380
22-05-18 17:19,3.209,-4.180
22-05-18 17:20,3.074,-3.704
22-05-18 17:21,2.990,-3.123
22-05-18 17:22,2.884,-2.419
22-05-18 17:23,2.885,-2.408
22-05-18 17:24,2.877,-1.596
22-05-18 17:25,2.887,-2.226
22-05-18 17:26,2.902,-1.933
22-05-18 17:27,3.021,-2.412
22-05-18 17:28,3.183,-3.371
22-05-18 17:29,3.108,-2.463
22-05-18 17:30,3.110,-1.917
22-05-18 17:31,3.367,-2.258
22-05-18 17:32,0.955,-1.461
22-05-18 17:33,0.000,-1.008
22-05-18 17:34,0.000,-0.692
22-05-18 17:35,0.000,-1.225
22-05-18 17:36,0.000,-1.404
22-05-18 17:37,0.000,-1.396
22-05-18 17:38,0.000,-1.913
22-05-18 17:39,1.570,-2.008
22-05-18 17:40,2.142,-2.959
22-05-18 17:41,2.139,-3.930
22-05-18 17:42,2.136,-4.168
22-05-18 17:43,2.137,-4.960
22-05-18 17:44,2.138,-4.517
22-05-18 17:45,2.145,-3.910
22-05-18 17:46,2.148,-4.467
22-05-18 17:47,1.719,-4.124
22-05-18 17:48,0.000,-4.767
22-05-18 17:49,0.000,-5.642
22-05-18 17:50,0.000,-5.589
22-05-18 17:51,0.000,-5.047
22-05-18 17:52,0.000,-5.138
22-05-18 17:53,0.000,-4.295
22-05-18 17:54,0.000,-4.026
22-05-18 17:55,0.000,-3.415
22-05-18 17:56,0.000,-2.509
22-05-18 17:57,0.000,-1.644
22-05-18 17:58,0.000,-2.237
22-05-18 17:59,0.000,-1.309
22-05-18 18:00,0.000,-0.447
22-05-18 18:01,0.000,-1.438
22-05-18 18:02,0.000,-0.701
22-05-18 18:03,0.000,-1.110
22-05-18 18:04,0.000,-0.385
22-05-18 18:05,0.000,-1.207
22-05-18 18:06,0.000,-0.985
22-05-18 18:07,0.000,-1.609
22-05-18 18:08,0.000,-0.751
22-05-18 18:09,0.000,-1.620
22-05-18 18:10,0.000,-2.389
22-05-18 18:11,0.000,-3.261
22-05-18 18:12,0.000,-3.676
22-05-18 18:13,0.000,-4.351
22-05-18 18:14,0.000,-4.133
22-05-18 18:15,0.000,-4.843
22-05-18 18:16,0.000,-5.698
22-05-18 18:17,0.000,-5.993
22-05-18 18:18,0.000,-5.287
22-05-18 18:19,0.000,-4.692
22-05-18 18:20,0.000,-5.638
22-05-18 18:21,0.000,-5.132
22-05-18 18:22,0.000,-5.232
22-05-18 18:23,0.000,-5.730
22-05-18 18:24,0.000,-6.337
22-05-18 18:25,0.000,-6.306
22-05-18 18:26,0.000,-7.259
22-05-18 18:27,0.000,-8.241
22-05-18 18:28,0.000,-8.012
22-05-18 18:29,0.000,-7.567
22-05-18 18:30,0.000,-6.706
22-05-18 18:31,0.000,-7.611
22-05-18 18:32,0.000,-7.044
22-05-18 18:33,0.000,-7.185
22-05-18 18:34,0.000,-7.529
22-05-18 18:35,2.823,-8.083
22-05-18 18:36,3.394,-8.476
22-05-18 18:37,3.423,-8.303
22-05-18 18:38,3.417,-7.925
22-05-18 18:39,3.418,-7.528
22-05-18 18:40,3.429,-7.642
22-05-18 18:41,3.437,-7.851
22-05-18 18:42,3.443,-8.331
22-05-18 18:43,3.443,-8.986
22-05-18 18:44,3.429,-8.355
22-05-18 18:45,3.424,-7.438
22-05-18 18:46,3.437,-8.373
22-05-18 18:47,3.449,-8.536
22-05-18 18:48,3.447,-8.252
22-05-18 18:49,3.426,-7.441
22-05-18 18:50,3.433,-7.223
22-05-18 18:51,3.427,-6.788
22-05-18 18:52,3.428,-5.929
22-05-18 18:53,3.455,-5.426
22-05-18 18:54,1.810,-5.014
22-05-18 18:55,0.000,-4.278
22-05-18 18:56,0.000,-3.294
22-05-18 18:57,0.000,-2.797
22-05-18 18:58,0.000,-2.834
22-05-18 18:59,0.000,-2.498
22-05-18 19:00,0.000,-3.106
22-05-18 19:01,0.000,-3.669
22-05-18 19:02,0.000,-3.506
22-05-18 19:03,0.000,-3.047
22-05-18 19:04,0.000,-2.589
22-05-18 19:05,0.000,-3.085
22-05-18 19:06,0.000,-4.032
22-05-18 19:07,0.000,-4.411
22-05-18 19:08,0.000,-4.978
22-05-18 19:09,0.000,-4.507
22-05-18 19:10,0.000,-3.583
22-05-18 19:11,0.000,-3.275
22-05-18 19:12,0.000,-3.867
22-05-18 19:13,0.000,-3.459
22-05-18 19:14,0.000,-3.493
22-05-18 19:15,0.000,-2.909
22-05-18 19:16,0.845,-2.154
22-05-18 19:17,2.068,-2.345
22-05-18 19:18,2.083,-2.821
22-05-18 19:19,2.084,-1.980
22-05-18 19:20,2.095,-1.327
22-05-18 19:21,2.089,-1.650
22-05-18 19:22,2.079,-2.116
22-05-18 19:23,2.083,-2.678
22-05-18 19:24,2.082,-1.845
22-05-18 19:25,0.699,-2.150
22-05-18 19:26,0.000,-1.338
22-05-18 19:27,0.000,-2.058
22-05-18 19:28,0.000,-1.093
22-05-18 19:29,0.000,-0.548
22-05-18 19:30,0.000,-0.914
22-05-18 19:31,0.000,-0.273
22-05-18 19:32,0.000,-0.072
22-05-18 19:33,0.000,-0.888
22-05-18 19:34,0.000,-0.910
22-05-18 19:35,0.000,-0.908
22-05-18 19:36,0.000,-0.815
22-05-18 19:37,0.000,-1.026
22-05-18 19:38,0.000,-1.910
22-05-18 19:39,0.000,-2.754
22-05-18 19:40,0.000,-2.394
22-05-18 19:41,0.000,-2.705
22-05-18 19:42,0.000,-2.618
22-05-18 19:43,0.000,-2.394
22-05-18 19:44,0.000,-2.623
22-05-18 19:45,0.000,-3.425
22-05-18 19:46,0.000,-2.784
22-05-18 19:47,2.535,-2.775
22-05-18 19:48,3.451,-3.274
22-05-18 19:49,3.448,-3.717
22-05-18 19:50,3.453,-3.248
22-05-18 19:51,3.442,-2.791
22-05-18 19:52,3.446,-1.854
22-05-18 19:53,3.455,-1.267
22-05-18 19:54,3.452,-1.976
22-05-18 19:55,3.453,-1.385
22-05-18 19:56,3.465,-1.949
22-05-18 19:57,3.468,-1.075
22-05-18 19:58,3.474,-1.256
22-05-18 19:59,3.486,-1.177
22-05-18 20:00,3.481,-0.398
22-05-18 20:01,3.478,-1.145
22-05-18 20:02,3.495,-0.519
22-05-18 20:03,2.098,-1.068
22-05-18 20:04,0.000,-0.576
22-05-18 20:05,0.000,-1.220
22-05-18 20:06,0.000,-0.782
22-05-18 20:07,0.000,-0.239
22-05-18 20:08,0.000,-0.550
22-05-18 20:09,0.000,-0.226
22-05-18 20:10,0.000,-0.200
22-05-18 20:11,0.000,-0.027
22-05-18 20:12,0.000,-0.908
22-05-18 20:13,1.935,-0.434
22-05-18 20:14,2.192,-0.185
22-05-18 20:15,2.189,-0.056
22-05-18 20:16,2.185,-0.184
22-05-18 20:17,2.189,-0.668
22-05-18 20:18,2.189,-1.617
22-05-18 20:19,2.188,-2.426
22-05-18 20:20,2.189,-1.452
22-05-18 20:21,1.993,-1.714
22-05-18 20:22,0.000,-1.122
22-05-18 20:23,0.000,-1.202
22-05-18 20:24,0.000,-2.043
22-05-18 20:25,0.000,-1.971
22-05-18 20:26,0.000,-1.096
22-05-18 20:27,0.000,-0.356
22-05-18 20:28,0.000,-0.225
22-05-18 20:29,0.000,-1.004
22-05-18 20:30,0.000,-0.447
22-05-18 20:31,0.000,-0.805
22-05-18 20:32,0.000,-1.109
22-05-18 20:33,2.820,-1.202
22-05-18 20:34,3.475,-0.862
22-05-18 20:35,3.475,-0.887
22-05-18 20:36,3.478,-0.154
22-05-18 20:37,3.462,-0.965
22-05-18 20:38,3.472,-0.461
22-05-18 20:39,3.275,-1.370
22-05-18 20:40,3.262,-0.912
22-05-18 20:41,3.261,-1.096
22-05-18 20:42,3.258,-0.100
22-05-18 20:43,3.262,-1.059
22-05-18 20:44,3.266,-0.189
22-05-18 20:45,3.259,-1.163
22-05-18 20:46,3.255,-1.710
22-05-18 20:47,3.254,-0.795
22-05-18 20:48,3.262,-1.539
22-05-18 20:49,3.262,-1.663
22-05-18 20:50,0.826,-1.687
22-05-18 20:51,0.000,-2.007
22-05-18 20:52,0.000,-1.885
22-05-18 20:53,0.000,-1.061
22-05-18 20:54,0.000,-1.492
22-05-18 20:55,0.000,-2.480
22-05-18 20:56,0.000,-3.311
22-05-18 20:57,0.000,-2.647
22-05-18 20:58,0.000,-2.065
22-05-18 20:59,0.000,-1.656
22-05-18 21:00,0.000,-0.236
22-05-18 21:01,0.000,-0.416
22-05-18 21:02,0.000,-0.008
22-05-18 21:03,0.000,-0.074
22-05-18 21:04,0.000,-0.108
22-05-18 21:05,0.000,-0.029
22-05-18 21:06,0.000,-0.211
22-05-18 21:07,0.000,-0.401
22-05-18 21:08,0.000,-0.433
22-05-18 21:09,0.000,-0.413
22-05-18 21:10,0.000,-0.578
22-05-18 21:11,0.000,-0.456
22-05-18 21:12,0.000,-0.026
22-05-18 21:13,0.000,-0.197
22-05-18 21:14,0.000,-0.272
22-05-18 21:15,0.000,-0.419
22-05-18 21:16,0.000,-0.618
22-05-18 21:17,0.000,-0.161
22-05-18 21:18,0.000,-0.001
22-05-18 21:19,0.000,-0.118
22-05-18 21:20,0.000,-0.192
22-05-18 21:21,0.000,-0.213
22-05-18 21:22,0.000,-0.094
22-05-18 21:23,0.000,-0.155
22-05-18 21:24,0.000,-0.150
22-05-18 21:25,0.000,-0.260
22-05-18 21:26,0.000,-0.426
22-05-18 21:27,0.000,-0.417
22-05-18 21:28,0.000,-0.519
22-05-18 21:29,0.000,-0.149
22-05-18 21:30,0.000,-0.117
22-05-18 21:31,0.000,-0.008
22-05-18 21:32,0.000,-0.024
22-05-18 21:33,0.000,-0.144
22-05-18 21:34,0.000,-0.342
22-05-18 21:35,1.015,-0.105
22-05-18 21:36,3.266,-0.187
22-05-18 21:37,3.267,-0.248
22-05-18 21:38,3.276,-0.115
22-05-18 21:39,3.289,-0.184
22-05-18 21:40,3.289,-0.176
22-05-18 21:41,3.306,-0.206
22-05-18 21:42,3.316,-0.177
22-05-18 21:43,3.324,-0.298
22-05-18 21:44,3.316,-0.170
22-05-18 21:45,3.328,-0.009
22-05-18 21:46,3.339,-0.207
22-05-18 21:47,3.346,-0.362
22-05-18 21:48,3.336,-0.376
22-05-18 21:49,3.347,-0.153
22-05-18 21:50,3.362,-0.090
22-05-18 21:51,3.243,-0.042
22-05-18 21:52,0.000,-0.115
22-05-18 21:53,0.000,-0.118
22-05-18 21:54,0.000,-0.230
22-05-18 21:55,0.000,-0.182
22-05-18 21:56,0.000,-0.017
22-05-18 21:57,0.000,-0.040
22-05-18 21:58,0.000,-0.089
22-05-18 21:59,0.000,-0.159
22-05-18 22:00,0.000,-0.333
22-05-18 22:01,0.000,-0.042
22-05-18 22:02,0.000,-0.016
22-05-18 22:03,0.000,-0.139
22-05-18 22:04,0.000,-0.119
22-05-18 22:05,0.000,-0.286
22-05-18 22:06,0.000,-0.028
22-05-18 22:07,0.000,-0.047
22-05-18 22:08,0.000,-0.226
22-05-18 22:09,0.000,-0.167
22-05-18 22:10,0.000,-0.221
22-05-18 22:11,0.000,-0.340
22-05-18 22:12,0.000,-0.398
22-05-18 22:13,0.000,-0.492
22-05-18 22:14,0.000,-0.323
22-05-18 22:15,0.000,-0.393
22-05-18 22:16,0.000,-0.404
22-05-18 22:17,0.000,-0.269
22-05-18 22:18,0.000,-0.034
22-05-18 22:19,0.000,-0.191
22-05-18 22:20,0.000,-0.307
22-05-18 22:21,0.000,-0.152
22-05-18 22:22,0.000,-0.090
22-05-18 22:23,0.000,-0.059
22-05-18 22:24,0.000,-0.089
22-05-18 22:25,0.000,-0.041
22-05-18 22:26,0.000,-0.084
22-05-18 22:27,0.000,-0.101
22-05-18 22:28,0.000,-0.125
22-05-18 22:29,0.000,-0.165
22-05-18 22:30,0.000,-0.347
22-05-18 22:31,0.000,-0.529
22-05-18 22:32,0.000,-0.289
22-05-18 22:33,0.000,-0.142
22-05-18 22:34,0.000,-0.288
22-05-18 22:35,0.000,-0.484
22-05-18 22:36,0.000,-0.101
22-05-18 22:37,0.000,-0.201
22-05-18 22:38,0.000,-0.275
22-05-18 22:39,0.000,-0.399
22-05-18 22:40,0.000,-0.505
22-05-18 22:41,0.000,-0.419
22-05-18 22:42,0.000,-0.283
22-05-18 22:43,0.000,-0.172
22-05-18 22:44,0.000,-0.014
22-05-18 22:45,0.000,-0.207
22-05-18 22:46,0.000,-0.272
22-05-18 22:47,0.000,-0.373
22-05-18 22:48,0.000,-0.278
22-05-18 22:49,0.000,-0.247
22-05-18 22:50,0.000,-0.028
22-05-18 22:51,0.000,-0.150
22-05-18 22:52,0.000,-0.157
22-05-18 22:53,0.000,-0.313
22-05-18 22:54,0.000,-0.391
22-05-18 22:55,0.000,-0.291
22-05-18 22:56,0.000,-0.465
22-05-18 22:57,0.000,-0.528
22-05-18 22:58,0.000,-0.389
22-05-18 22:59,0.000,-0.307
22-05-18 23:00,0.000,-0.357
22-05-18 23:01,0.000,-0.253
22-05-18 23:02,0.000,-0.077
22-05-18 23:03,1.049,-0.017
22-05-18 23:04,3.520,-0.132
22-05-18 23:05,3.519,-0.138
22-05-18 23:06,3.516,-0.046
22-05-18 23:07,3.519,-0.087
22-05-18 23:08,3.528,-0.060
22-05-18 23:09,3.528,-0.119
22-05-18 23:10,3.530,-0.269
22-05-18 23:11,3.522,-0.001
22-05-18 23:12,3.522,-0.135
22-05-18 23:13,3.521,-0.130
22-05-18 23:14,3.521,-0.191
22-05-18 23:15,3.519,-0.088
22-05-18 23:16,3.523,-0.064
22-05-18 23:17,3.524,-0.124
22-05-18 23:18,3.524,-0.134
22-05-18 23:19,3.172,-0.042
22-05-18 23:20,0.000,-0.115
22-05-18 23:21,0.000,-0.003
22-05-18 23:22,0.000,-0.103
22-05-18 23:23,0.000,-0.299
22-05-18 23:24,0.000,-0.449
22-05-18 23:25,0.000,-0.400
22-05-18 23:26,0.000,-0.404
22-05-18 23:27,0.000,-0.236
22-05-18 23:28,0.000,-0.150
22-05-18 23:29,0.000,-0.114
22-05-18 23:30,0.000,-0.275
22-05-18 23:31,2.203,-0.201
22-05-18 23:32,2.226,-0.028
22-05-18 23:33,2.225,-0.057
22-05-18 23:34,2.222,-0.058
22-05-18 23:35,2.216,-0.059
22-05-18 23:36,2.214,-0.223
22-05-18 23:37,2.210,-0.225
22-05-18 23:38,2.199,-0.076
22-05-18 23:39,2.153,-0.075
22-05-18 23:40,0.432,-0.214
22-05-18 23:41,0.000,-0.384
22-05-18 23:42,0.000,-0.402
22-05-18 23:43,0.000,-0.593
22-05-18 23:44,0.000,-0.781
22-05-18 23:45,0.000,-0.413
22-05-18 23:46,0.000,-0.217
22-05-18 23:47,0.000,-0.291
22-05-18 23:48,0.000,-0.125
22-05-18 23:49,0.000,-0.220
22-05-18 23:50,0.000,-0.295
22-05-18 23:51,0.000,-0.464
22-05-18 23:52,0.000,-0.261
22-05-18 23:53,0.000,-0.167
22-05-18 23:54,0.000,-0.137
22-05-18 23:55,0.000,-0.302
22-05-18 23:56,0.000,-0.269
22-05-18 23:57,0.000,-0.403
22-05-18 23:58,0.000,-0.556
22-05-18 23:59,0.000,-0.443
